,used,exhausted,rounds,theor
2603,1,1,[-1],1
2195,1,1,[-1],2
529,1,1,[-1],3
1865,1,1,[-1],2
1827,1,1,[-1],1
1642,1,1,[-1],1
2154,1,1,[-1],1
1017,1,1,[-1],1
2243,1,1,[-1],1
1775,1,1,[-1],1
681,1,1,[-1],1
2476,1,1,[-1],2
540,1,1,[-1],1
1667,1,1,[-1],2
58,1,1,[-1],1
155,1,1,[-1],3
2066,1,1,[-1],1
2276,1,1,[-1],1
2661,1,1,[-1],4
297,1,1,[-1],5
1079,1,1,[-1],2
22,1,1,[-1],3
845,1,1,[-1],1
1741,1,1,[-1],1
542,1,1,[-1],1
1453,1,1,[-1],2
765,1,1,[-1],1
513,1,1,[-1],1
139,1,1,[-1],1
128,1,1,[-1],1
577,1,1,[-1],1
2055,1,1,[-1],3
1992,1,1,[-1],2
1164,1,1,[-1],1
832,1,1,[-1],1
2226,1,1,[-1],2
503,1,1,[-1],3
632,1,1,[-1],1
2029,1,1,[-1],1
429,1,1,[-1],6
1102,1,1,[-1],1
1400,1,1,[-1],2
2690,1,1,[-1],1
2477,1,1,[-1],4
999,1,1,[-1],2
1846,1,1,[-1],1
740,1,1,[-1],2
1489,1,1,[-1],1
2305,1,1,[-1],4
1432,1,1,[-1],1
1665,1,1,[-1],1
624,1,1,[-1],2
1854,1,1,[-1],1
2697,1,1,[-1],2
334,1,1,[-1],4
1763,1,1,[-1],3
2225,1,1,[-1],2
2013,1,1,[-1],1
2598,1,1,[-1],2
882,1,1,[-1],6
803,1,1,[-1],6
439,1,1,[-1],4
435,1,1,[-1],2
2275,1,1,[-1],1
2239,1,1,[-1],2
955,1,1,[-1],1
140,1,1,[-1],4
87,1,1,[-1],1
1582,1,1,[-1],2
95,1,1,[-1],2
836,1,1,[-1],1
317,1,1,[-1],1
1027,1,1,[-1],2
40,1,1,[-1],1
1135,1,1,[-1],2
2563,1,1,[-1],3
218,1,1,[-1],1
33,1,1,[-1],1
718,1,1,[-1],1
2553,1,1,[-1],2
1093,1,1,[-1],1
2731,1,1,[-1],5
1877,1,1,[-1],1
1893,1,1,[-1],1
686,1,1,[-1],2
222,1,1,[-1],1
1980,1,1,[-1],1
1497,1,1,[-1],1
645,1,1,[-1],4
537,1,1,[-1],1
523,1,1,[-1],1
736,1,1,[-1],1
2242,1,1,[-1],4
2589,1,1,[-1],1
1797,1,1,[-1],1
2591,1,1,[-1],1
2236,1,1,[-1],3
2560,1,1,[-1],1
92,1,1,[-1],1
863,1,1,[-1],1
2445,1,1,[-1],2
1588,1,1,[-1],4
164,1,1,[-1],1
1474,1,1,[-1],1
702,1,1,[-1],2
2308,1,1,[-1],1
2040,1,1,[-1],2
2410,1,1,[-1],1
76,1,1,[-1],2
2472,1,1,[-1],1
2150,1,1,[-1],1
2432,1,1,[-1],7
2548,1,1,[-1],1
2351,1,1,[-1],2
79,1,1,[-1],1
229,1,1,[-1],1
821,1,1,[-1],1
557,1,1,[-1],4
2019,1,1,[-1],1
1817,1,1,[-1],3
438,1,1,[-1],2
2361,1,1,[-1],2
347,1,1,[-1],1
2131,1,1,[-1],1
2330,1,1,[-1],4
2453,1,1,[-1],3
1237,1,1,[-1],1
1627,1,1,[-1],3
107,1,1,[-1],3
611,1,1,[-1],4
1697,1,1,[-1],1
1839,1,1,[-1],1
1457,1,1,[-1],1
1883,1,1,[-1],1
1298,1,1,[-1],2
722,1,1,[-1],2
2742,1,1,[-1],1
2465,1,1,[-1],1
2498,1,1,[-1],1
1519,1,1,[-1],2
2071,1,1,[-1],1
1661,1,1,[-1],1
1447,1,1,[-1],1
1108,1,1,[-1],3
1703,1,1,[-1],2
421,1,1,[-1],1
1876,1,1,[-1],5
389,1,1,[-1],1
979,1,1,[-1],2
613,1,1,[-1],1
1897,1,1,[-1],2
1855,1,1,[-1],4
2185,1,1,[-1],3
1963,1,1,[-1],1
1634,1,1,[-1],3
2280,1,1,[-1],1
1369,1,1,[-1],1
904,1,1,[-1],3
1990,1,1,[-1],1
36,1,1,[-1],2
2042,1,1,[-1],3
452,1,1,[-1],2
849,1,1,[-1],2
1675,1,1,[-1],1
2546,1,1,[-1],1
898,1,1,[-1],3
1572,1,1,[-1],3
2514,1,1,[-1],1
2459,1,1,[-1],1
717,1,1,[-1],1
2224,1,1,[-1],2
1286,1,1,[-1],1
940,1,1,[-1],2
614,1,1,[-1],3
1662,1,1,[-1],1
353,1,1,[-1],1
1115,1,1,[-1],1
1008,1,1,[-1],1
2360,1,1,[-1],1
618,1,1,[-1],1
1140,1,1,[-1],1
2217,1,1,[-1],3
2032,1,1,[-1],5
1608,1,1,[-1],1
851,1,1,[-1],1
1951,1,1,[-1],3
2442,1,1,[-1],2
1670,1,1,[-1],1
333,1,1,[-1],1
1910,1,1,[-1],1
1862,1,1,[-1],2
921,1,1,[-1],1
392,1,1,[-1],1
2126,1,1,[-1],2
960,1,1,[-1],1
1712,1,1,[-1],1
1401,1,1,[-1],4
152,1,1,[-1],1
2103,1,1,[-1],1
789,1,1,[-1],1
2082,1,1,[-1],2
1785,1,1,[-1],5
1024,1,1,[-1],1
2089,1,1,[-1],2
1929,1,1,[-1],1
816,1,1,[-1],1
1483,1,1,[-1],1
1388,1,1,[-1],3
2701,1,1,[-1],2
329,1,1,[-1],1
133,1,1,[-1],3
1488,1,1,[-1],2
1065,1,1,[-1],2
2707,1,1,[-1],1
2008,1,1,[-1],2
1658,1,1,[-1],2
1637,1,1,[-1],1
272,1,1,[-1],3
1720,1,1,[-1],1
1113,1,1,[-1],1
225,1,1,[-1],1
534,1,1,[-1],2
93,1,1,[-1],3
479,1,1,[-1],2
2660,1,1,[-1],1
2262,1,1,[-1],1
482,1,1,[-1],3
589,1,1,[-1],5
993,1,1,[-1],1
1091,1,1,[-1],4
251,1,1,[-1],1
536,1,1,[-1],2
1824,1,1,[-1],1
1795,1,1,[-1],1
1311,1,1,[-1],2
1381,1,1,[-1],1
2395,1,1,[-1],2
1562,1,1,[-1],1
1961,1,1,[-1],2
1182,1,1,[-1],1
1299,1,1,[-1],3
2390,1,1,[-1],1
1928,1,1,[-1],1
385,1,1,[-1],2
1786,1,1,[-1],1
1624,1,1,[-1],1
201,1,1,[-1],1
59,1,1,[-1],1
2783,1,1,[-1],2
2272,1,1,[-1],1
1365,1,1,[-1],2
227,1,1,[-1],4
2646,1,1,[-1],1
1873,1,1,[-1],1
703,1,1,[-1],6
1070,1,1,[-1],4
738,1,1,[-1],1
1200,1,1,[-1],3
2211,1,1,[-1],1
436,1,1,[-1],1
1324,1,1,[-1],1
1475,1,1,[-1],2
1015,1,1,[-1],1
1235,1,1,[-1],5
1323,1,1,[-1],2
1451,1,1,[-1],5
192,1,1,[-1],1
1184,1,1,[-1],2
729,1,1,[-1],2
382,1,1,[-1],5
929,1,1,[-1],1
1287,1,1,[-1],1
1337,1,1,[-1],3
1171,1,1,[-1],1
510,1,1,[-1],1
2188,1,1,[-1],1
74,1,1,[-1],1
1285,1,1,[-1],2
1420,1,1,[-1],1
2078,1,1,[-1],1
1896,0,0,[],1
2037,0,0,[],1
2298,0,0,[],1
72,0,0,[],2
2389,0,0,[],1
1924,0,0,[],1
873,0,0,[],2
2030,0,0,[],1
509,0,0,[],1
1117,0,0,[],2
756,0,0,[],4
603,0,0,[],4
113,0,0,[],3
2604,0,0,[],2
1796,0,0,[],2
2350,0,0,[],1
2475,0,0,[],4
1416,0,0,[],1
116,0,0,[],1
233,0,0,[],1
194,0,0,[],1
2457,0,0,[],1
1282,0,0,[],2
2099,0,0,[],1
1680,0,0,[],1
1094,0,0,[],1
911,0,0,[],1
1628,0,0,[],1
2376,0,0,[],1
67,0,0,[],5
2425,0,0,[],7
888,0,0,[],2
1841,0,0,[],1
278,0,0,[],3
1571,0,0,[],1
2438,0,0,[],2
1019,0,0,[],1
994,0,0,[],2
897,0,0,[],3
406,0,0,[],1
2503,0,0,[],1
2695,0,0,[],5
587,0,0,[],1
499,0,0,[],4
2489,0,0,[],1
1466,0,0,[],5
2680,0,0,[],2
602,0,0,[],1
262,0,0,[],3
1456,0,0,[],3
2408,0,0,[],1
2398,0,0,[],2
956,0,0,[],1
1478,0,0,[],4
2382,0,0,[],3
2422,0,0,[],1
773,0,0,[],1
149,0,0,[],1
2537,0,0,[],2
459,0,0,[],1
2526,0,0,[],4
2047,0,0,[],1
500,0,0,[],1
753,0,0,[],1
2458,0,0,[],1
1312,0,0,[],2
1104,0,0,[],3
2643,0,0,[],1
1294,0,0,[],11
1441,0,0,[],1
2053,0,0,[],1
835,0,0,[],2
1533,0,0,[],1
1623,0,0,[],1
1089,0,0,[],3
548,0,0,[],6
1926,0,0,[],1
2412,0,0,[],1
690,0,0,[],4
2580,0,0,[],5
1584,0,0,[],1
49,0,0,[],1
1892,0,0,[],2
1850,0,0,[],2
1014,0,0,[],2
2648,0,0,[],2
970,0,0,[],1
492,0,0,[],3
178,0,0,[],1
2256,0,0,[],2
1201,0,0,[],4
2502,0,0,[],2
1695,0,0,[],4
1007,0,0,[],1
1139,0,0,[],1
1289,0,0,[],1
215,0,0,[],3
947,0,0,[],2
2691,0,0,[],1
147,0,0,[],2
388,0,0,[],3
535,0,0,[],2
308,0,0,[],1
1271,0,0,[],2
455,0,0,[],1
1791,0,0,[],1
798,0,0,[],4
623,0,0,[],2
1782,0,0,[],1
497,0,0,[],1
975,0,0,[],1
322,0,0,[],1
2097,0,0,[],1
2284,0,0,[],1
2802,0,0,[],1
2668,0,0,[],4
2301,0,0,[],1
2645,0,0,[],4
712,0,0,[],3
2762,0,0,[],5
2220,0,0,[],2
2260,0,0,[],1
1781,0,0,[],2
2289,0,0,[],5
2233,0,0,[],2
1071,0,0,[],1
1668,0,0,[],3
1538,0,0,[],1
146,0,0,[],6
2532,0,0,[],1
1152,0,0,[],1
2649,0,0,[],1
2585,0,0,[],1
381,0,0,[],1
1601,0,0,[],1
401,0,0,[],1
1860,0,0,[],1
2721,0,0,[],1
277,0,0,[],1
14,0,0,[],4
1103,0,0,[],1
2268,0,0,[],4
997,0,0,[],1
1114,0,0,[],2
1863,0,0,[],1
1256,0,0,[],1
1640,0,0,[],1
2162,0,0,[],1
1710,0,0,[],2
1314,0,0,[],1
573,0,0,[],7
671,0,0,[],1
485,0,0,[],1
1290,0,0,[],1
856,0,0,[],1
82,0,0,[],1
658,0,0,[],2
942,0,0,[],3
2607,0,0,[],3
2196,0,0,[],1
100,0,0,[],1
266,0,0,[],2
1252,0,0,[],1
842,0,0,[],1
2708,0,0,[],1
2423,0,0,[],1
813,0,0,[],4
1149,0,0,[],2
1080,0,0,[],2
2780,0,0,[],3
1734,0,0,[],1
1227,0,0,[],1
2387,0,0,[],1
1434,0,0,[],2
1592,0,0,[],1
437,0,0,[],1
1831,0,0,[],1
1404,0,0,[],2
250,0,0,[],4
2420,0,0,[],1
1900,0,0,[],1
610,0,0,[],3
2538,0,0,[],3
2435,0,0,[],1
675,0,0,[],1
651,0,0,[],1
1509,0,0,[],2
988,0,0,[],2
1745,0,0,[],1
2291,0,0,[],1
1394,0,0,[],2
896,0,0,[],6
1297,0,0,[],1
844,0,0,[],2
1603,0,0,[],2
1815,0,0,[],1
2182,0,0,[],1
2086,0,0,[],3
936,0,0,[],4
1522,0,0,[],5
32,0,0,[],2
1180,0,0,[],1
2372,0,0,[],1
755,0,0,[],3
2424,0,0,[],1
1199,0,0,[],1
1889,0,0,[],1
1762,0,0,[],3
1726,0,0,[],1
580,0,0,[],1
2354,0,0,[],6
705,0,0,[],2
1529,0,0,[],1
1085,0,0,[],1
1196,0,0,[],1
284,0,0,[],2
2140,0,0,[],1
2757,0,0,[],1
1904,0,0,[],2
2450,0,0,[],1
469,0,0,[],3
2787,0,0,[],1
361,0,0,[],1
1920,0,0,[],2
56,0,0,[],3
1737,0,0,[],4
638,0,0,[],3
2768,0,0,[],1
1826,0,0,[],1
2095,0,0,[],1
1558,0,0,[],1
1442,0,0,[],1
2675,0,0,[],1
846,0,0,[],1
380,0,0,[],2
193,0,0,[],1
968,0,0,[],2
2753,0,0,[],1
1730,0,0,[],1
1384,0,0,[],4
2501,0,0,[],3
2670,0,0,[],1
790,0,0,[],3
1766,0,0,[],5
2172,0,0,[],2
348,0,0,[],1
1048,0,0,[],1
2035,0,0,[],3
198,0,0,[],1
236,0,0,[],2
578,0,0,[],1
1767,0,0,[],1
2059,0,0,[],1
538,0,0,[],3
685,0,0,[],3
2386,0,0,[],2
639,0,0,[],2
1631,0,0,[],1
1165,0,0,[],3
2106,0,0,[],1
1490,0,0,[],1
1742,0,0,[],2
932,0,0,[],1
1192,0,0,[],1
2761,0,0,[],1
2265,0,0,[],2
1205,0,0,[],2
1818,0,0,[],1
2676,0,0,[],1
1191,0,0,[],1
1132,0,0,[],2
2304,0,0,[],2
2576,0,0,[],4
1197,0,0,[],2
1215,0,0,[],1
770,0,0,[],2
1181,0,0,[],1
697,0,0,[],4
730,0,0,[],1
2044,0,0,[],1
2111,0,0,[],1
1557,0,0,[],1
397,0,0,[],4
2181,0,0,[],2
669,0,0,[],2
1039,0,0,[],4
365,0,0,[],1
2574,0,0,[],2
727,0,0,[],1
2129,0,0,[],4
585,0,0,[],3
1072,0,0,[],2
2765,0,0,[],3
2790,0,0,[],2
2681,0,0,[],2
2657,0,0,[],3
1156,0,0,[],1
2480,0,0,[],4
1459,0,0,[],2
1246,0,0,[],1
600,0,0,[],1
2789,0,0,[],1
224,0,0,[],2
819,0,0,[],1
2364,0,0,[],1
148,0,0,[],1
1619,0,0,[],1
1834,0,0,[],2
1354,0,0,[],2
1160,0,0,[],6
505,0,0,[],1
370,0,0,[],3
1210,0,0,[],1
1321,0,0,[],7
1352,0,0,[],1
1013,0,0,[],3
547,0,0,[],1
2179,0,0,[],7
1940,0,0,[],1
1973,0,0,[],3
1813,0,0,[],6
919,0,0,[],1
219,0,0,[],1
747,0,0,[],1
1174,0,0,[],1
2543,0,0,[],1
2121,0,0,[],3
1543,0,0,[],1
293,0,0,[],2
828,0,0,[],3
2002,0,0,[],2
750,0,0,[],2
2529,0,0,[],2
723,0,0,[],2
2009,0,0,[],1
84,0,0,[],2
2087,0,0,[],1
916,0,0,[],3
2070,0,0,[],6
1383,0,0,[],1
2796,0,0,[],1
2269,0,0,[],3
2023,0,0,[],3
336,0,0,[],1
752,0,0,[],1
2157,0,0,[],3
16,0,0,[],1
854,0,0,[],4
546,0,0,[],1
630,0,0,[],1
1848,0,0,[],3
1445,0,0,[],1
1553,0,0,[],2
1669,0,0,[],3
2584,0,0,[],2
400,0,0,[],1
208,0,0,[],1
2237,0,0,[],3
2570,0,0,[],3
1942,0,0,[],1
106,0,0,[],2
111,0,0,[],2
1935,0,0,[],1
477,0,0,[],5
1635,0,0,[],1
521,0,0,[],1
1575,0,0,[],1
493,0,0,[],2
1849,0,0,[],2
1495,0,0,[],2
778,0,0,[],2
1247,0,0,[],4
118,0,0,[],1
1360,0,0,[],3
1704,0,0,[],1
1217,0,0,[],1
1437,0,0,[],3
809,0,0,[],2
2221,0,0,[],2
1645,0,0,[],4
2384,0,0,[],1
2769,0,0,[],2
252,0,0,[],1
2449,0,0,[],5
762,0,0,[],2
1970,0,0,[],2
1936,0,0,[],3
205,0,0,[],4
1685,0,0,[],2
337,0,0,[],3
472,0,0,[],1
316,0,0,[],2
508,0,0,[],1
1245,0,0,[],4
606,0,0,[],6
2747,0,0,[],2
2710,0,0,[],1
541,0,0,[],2
1276,0,0,[],1
913,0,0,[],1
2415,0,0,[],2
644,0,0,[],2
117,0,0,[],1
1780,0,0,[],2
10,0,0,[],5
2673,0,0,[],4
97,0,0,[],1
417,0,0,[],1
246,0,0,[],1
2288,0,0,[],1
579,0,0,[],3
342,0,0,[],2
2063,0,0,[],2
1188,0,0,[],1
268,0,0,[],1
1907,0,0,[],2
2068,0,0,[],1
432,0,0,[],3
2756,0,0,[],1
1176,0,0,[],2
2246,0,0,[],1
517,0,0,[],5
2223,0,0,[],1
978,0,0,[],2
2638,0,0,[],3
847,0,0,[],4
771,0,0,[],1
1393,0,0,[],2
1774,0,0,[],1
396,0,0,[],1
1830,0,0,[],1
354,0,0,[],4
810,0,0,[],1
2081,0,0,[],1
575,0,0,[],1
502,0,0,[],1
2741,0,0,[],1
2163,0,0,[],1
1105,0,0,[],1
1238,0,0,[],2
2788,0,0,[],3
2315,0,0,[],1
1376,0,0,[],2
1573,0,0,[],6
1969,0,0,[],2
2578,0,0,[],1
3,0,0,[],1
2487,0,0,[],3
1866,0,0,[],1
1461,0,0,[],2
1525,0,0,[],1
340,0,0,[],2
917,0,0,[],1
415,0,0,[],1
1534,0,0,[],1
52,0,0,[],3
1919,0,0,[],1
1151,0,0,[],3
679,0,0,[],2
1991,0,0,[],1
2626,0,0,[],2
1138,0,0,[],1
1057,0,0,[],1
1116,0,0,[],2
609,0,0,[],7
130,0,0,[],1
2067,0,0,[],1
2007,0,0,[],5
2373,0,0,[],1
1705,0,0,[],2
1230,0,0,[],2
1574,0,0,[],1
859,0,0,[],1
1666,0,0,[],1
1270,0,0,[],2
528,0,0,[],1
1423,0,0,[],2
2383,0,0,[],5
2460,0,0,[],1
1054,0,0,[],1
2774,0,0,[],2
1629,0,0,[],3
496,0,0,[],1
1997,0,0,[],1
1706,0,0,[],3
1811,0,0,[],1
2662,0,0,[],2
2469,0,0,[],1
2778,0,0,[],1
57,0,0,[],2
1894,0,0,[],4
2572,0,0,[],1
1801,0,0,[],2
324,0,0,[],1
153,0,0,[],1
2618,0,0,[],4
331,0,0,[],1
1530,0,0,[],2
763,0,0,[],5
1255,0,0,[],2
2371,0,0,[],3
2170,0,0,[],6
948,0,0,[],1
737,0,0,[],2
1607,0,0,[],2
2413,0,0,[],5
2624,0,0,[],1
2014,0,0,[],2
1823,0,0,[],3
2588,0,0,[],3
1142,0,0,[],1
1915,0,0,[],2
910,0,0,[],2
1438,0,0,[],1
655,0,0,[],1
2341,0,0,[],2
1856,0,0,[],3
484,0,0,[],2
1279,0,0,[],2
249,0,0,[],1
2158,0,0,[],1
2594,0,0,[],1
1425,0,0,[],2
207,0,0,[],1
1467,0,0,[],1
1154,0,0,[],3
1633,0,0,[],2
1043,0,0,[],2
476,0,0,[],1
120,0,0,[],1
1777,0,0,[],2
259,0,0,[],2
390,0,0,[],1
1189,0,0,[],4
2229,0,0,[],4
1307,0,0,[],3
1593,0,0,[],3
1701,0,0,[],1
460,0,0,[],3
1373,0,0,[],1
1218,0,0,[],1
26,0,0,[],2
818,0,0,[],2
1739,0,0,[],1
2752,0,0,[],1
811,0,0,[],3
1719,0,0,[],2
231,0,0,[],2
5,0,0,[],1
498,0,0,[],2
1204,0,0,[],1
663,0,0,[],1
2367,0,0,[],2
1511,0,0,[],2
1040,0,0,[],2
2551,0,0,[],1
206,0,0,[],4
862,0,0,[],1
187,0,0,[],3
2679,0,0,[],1
2128,0,0,[],3
2758,0,0,[],1
2074,0,0,[],2
1643,0,0,[],4
1510,0,0,[],5
374,0,0,[],1
2349,0,0,[],1
2312,0,0,[],1
2107,0,0,[],6
468,0,0,[],1
73,0,0,[],2
1696,0,0,[],1
1988,0,0,[],1
1267,0,0,[],2
1503,0,0,[],1
240,0,0,[],3
2411,0,0,[],1
2579,0,0,[],4
2770,0,0,[],1
852,0,0,[],3
1303,0,0,[],8
560,0,0,[],1
2777,0,0,[],3
269,0,0,[],3
1379,0,0,[],1
28,0,0,[],1
2429,0,0,[],1
660,0,0,[],1
2072,0,0,[],2
1370,0,0,[],1
607,0,0,[],1
1427,0,0,[],1
1547,0,0,[],3
2666,0,0,[],4
1469,0,0,[],1
1609,0,0,[],2
2241,0,0,[],1
119,0,0,[],1
491,0,0,[],1
1956,0,0,[],2
1498,0,0,[],1
2556,0,0,[],1
551,0,0,[],1
213,0,0,[],1
974,0,0,[],1
1565,0,0,[],1
466,0,0,[],1
2363,0,0,[],1
1086,0,0,[],2
1560,0,0,[],1
399,0,0,[],1
320,0,0,[],5
1561,0,0,[],2
1415,0,0,[],2
478,0,0,[],1
971,0,0,[],1
2090,0,0,[],4
387,0,0,[],2
504,0,0,[],1
726,0,0,[],1
2144,0,0,[],1
330,0,0,[],1
1334,0,0,[],1
63,0,0,[],2
2307,0,0,[],1
441,0,0,[],1
2004,0,0,[],1
1229,0,0,[],2
1528,0,0,[],2
1166,0,0,[],2
2484,0,0,[],1
407,0,0,[],1
1233,0,0,[],1
858,0,0,[],2
764,0,0,[],3
1481,0,0,[],1
2634,0,0,[],3
1953,0,0,[],4
423,0,0,[],1
998,0,0,[],4
2385,0,0,[],3
1715,0,0,[],2
754,0,0,[],2
495,0,0,[],1
599,0,0,[],3
1185,0,0,[],6
569,0,0,[],1
1501,0,0,[],1
1674,0,0,[],2
744,0,0,[],1
276,0,0,[],2
935,0,0,[],1
1807,0,0,[],1
1214,0,0,[],2
1622,0,0,[],1
182,0,0,[],4
274,0,0,[],2
2462,0,0,[],5
180,0,0,[],1
197,0,0,[],1
1292,0,0,[],1
1106,0,0,[],1
2696,0,0,[],4
2692,0,0,[],2
1887,0,0,[],1
1,0,0,[],6
2396,0,0,[],1
1006,0,0,[],1
604,0,0,[],1
1397,0,0,[],2
66,0,0,[],1
2050,0,0,[],2
65,0,0,[],1
878,0,0,[],3
2021,0,0,[],4
1020,0,0,[],1
2357,0,0,[],2
156,0,0,[],2
1698,0,0,[],1
1338,0,0,[],1
901,0,0,[],1
2038,0,0,[],1
2125,0,0,[],1
2033,0,0,[],1
1602,0,0,[],2
843,0,0,[],1
1234,0,0,[],3
526,0,0,[],1
2750,0,0,[],1
857,0,0,[],1
81,0,0,[],1
1555,0,0,[],2
1790,0,0,[],1
2499,0,0,[],1
1681,0,0,[],1
824,0,0,[],3
2562,0,0,[],1
1727,0,0,[],1
96,0,0,[],1
1407,0,0,[],3
1153,0,0,[],1
1735,0,0,[],1
2751,0,0,[],1
196,0,0,[],4
1144,0,0,[],4
162,0,0,[],1
384,0,0,[],4
2596,0,0,[],2
1655,0,0,[],1
2439,0,0,[],1
1605,0,0,[],1
1387,0,0,[],2
608,0,0,[],1
696,0,0,[],3
907,0,0,[],1
2166,0,0,[],1
2176,0,0,[],2
1278,0,0,[],3
769,0,0,[],2
1800,0,0,[],2
586,0,0,[],2
864,0,0,[],1
1050,0,0,[],2
256,0,0,[],2
2685,0,0,[],1
2658,0,0,[],1
2028,0,0,[],2
2497,0,0,[],9
1686,0,0,[],2
2712,0,0,[],3
2257,0,0,[],2
2322,0,0,[],2
1150,0,0,[],1
627,0,0,[],4
1302,0,0,[],3
2277,0,0,[],1
185,0,0,[],2
1595,0,0,[],2
366,0,0,[],1
45,0,0,[],1
522,0,0,[],1
574,0,0,[],1
959,0,0,[],6
327,0,0,[],1
701,0,0,[],2
209,0,0,[],3
2358,0,0,[],3
1569,0,0,[],2
2394,0,0,[],1
1236,0,0,[],1
1549,0,0,[],1
807,0,0,[],1
2451,0,0,[],1
470,0,0,[],1
527,0,0,[],6
481,0,0,[],4
2406,0,0,[],3
2092,0,0,[],1
626,0,0,[],1
1280,0,0,[],4
2744,0,0,[],2
1691,0,0,[],3
908,0,0,[],2
2026,0,0,[],5
83,0,0,[],1
1330,0,0,[],1
228,0,0,[],1
1128,0,0,[],3
1672,0,0,[],3
2791,0,0,[],3
1220,0,0,[],1
1880,0,0,[],2
694,0,0,[],2
1496,0,0,[],1
75,0,0,[],2
21,0,0,[],1
1306,0,0,[],2
616,0,0,[],1
825,0,0,[],4
2340,0,0,[],1
1825,0,0,[],5
1812,0,0,[],2
1755,0,0,[],1
2495,0,0,[],2
202,0,0,[],1
1916,0,0,[],1
530,0,0,[],1
1111,0,0,[],4
2377,0,0,[],1
144,0,0,[],3
335,0,0,[],2
2310,0,0,[],1
2464,0,0,[],1
1946,0,0,[],3
1714,0,0,[],1
1639,0,0,[],1
1810,0,0,[],1
1590,0,0,[],3
1368,0,0,[],5
54,0,0,[],1
2620,0,0,[],1
1505,0,0,[],2
1250,0,0,[],2
2155,0,0,[],1
243,0,0,[],2
1179,0,0,[],2
2443,0,0,[],4
735,0,0,[],1
2573,0,0,[],2
99,0,0,[],1
2326,0,0,[],4
2606,0,0,[],1
1659,0,0,[],2
2197,0,0,[],1
2147,0,0,[],2
1170,0,0,[],3
1231,0,0,[],3
2748,0,0,[],1
356,0,0,[],2
442,0,0,[],2
2506,0,0,[],2
383,0,0,[],1
2521,0,0,[],3
848,0,0,[],2
980,0,0,[],1
804,0,0,[],3
1366,0,0,[],2
440,0,0,[],1
2602,0,0,[],2
1351,0,0,[],2
2686,0,0,[],1
1216,0,0,[],2
1167,0,0,[],1
1440,0,0,[],1
2755,0,0,[],6
1409,0,0,[],2
1901,0,0,[],4
50,0,0,[],2
2575,0,0,[],3
2479,0,0,[],1
2151,0,0,[],4
1769,0,0,[],1
927,0,0,[],3
1124,0,0,[],1
1808,0,0,[],1
991,0,0,[],1
2509,0,0,[],1
473,0,0,[],2
2466,0,0,[],3
2720,0,0,[],1
1155,0,0,[],3
2558,0,0,[],1
990,0,0,[],1
1405,0,0,[],1
786,0,0,[],1
2564,0,0,[],2
23,0,0,[],1
805,0,0,[],2
2496,0,0,[],1
489,0,0,[],1
1982,0,0,[],2
766,0,0,[],4
853,0,0,[],1
1251,0,0,[],1
1036,0,0,[],1
1291,0,0,[],1
2175,0,0,[],1
1917,0,0,[],1
1987,0,0,[],2
2318,0,0,[],1
1494,0,0,[],4
2355,0,0,[],6
136,0,0,[],1
1172,0,0,[],2
2481,0,0,[],1
2577,0,0,[],4
799,0,0,[],2
1304,0,0,[],1
1143,0,0,[],1
304,0,0,[],3
605,0,0,[],1
1671,0,0,[],1
2714,0,0,[],2
377,0,0,[],1
2017,0,0,[],1
34,0,0,[],1
2461,0,0,[],3
91,0,0,[],1
310,0,0,[],2
2759,0,0,[],1
922,0,0,[],2
1890,0,0,[],1
1403,0,0,[],1
2523,0,0,[],1
2281,0,0,[],1
344,0,0,[],2
1232,0,0,[],1
2065,0,0,[],2
2325,0,0,[],2
559,0,0,[],1
1092,0,0,[],1
2488,0,0,[],2
332,0,0,[],2
1792,0,0,[],4
1486,0,0,[],1
1566,0,0,[],2
184,0,0,[],1
355,0,0,[],5
2419,0,0,[],1
539,0,0,[],1
2727,0,0,[],3
584,0,0,[],1
2519,0,0,[],2
2133,0,0,[],1
2274,0,0,[],1
1508,0,0,[],4
1978,0,0,[],1
339,0,0,[],2
661,0,0,[],2
2292,0,0,[],2
2230,0,0,[],3
642,0,0,[],5
512,0,0,[],1
2142,0,0,[],2
425,0,0,[],1
2775,0,0,[],1
2682,0,0,[],1
2046,0,0,[],2
1870,0,0,[],2
1109,0,0,[],3
108,0,0,[],1
2022,0,0,[],1
1074,0,0,[],1
2135,0,0,[],1
1500,0,0,[],3
1037,0,0,[],2
199,0,0,[],2
1487,0,0,[],4
1029,0,0,[],1
1517,0,0,[],2
105,0,0,[],8
1328,0,0,[],3
1986,0,0,[],1
154,0,0,[],3
1821,0,0,[],1
903,0,0,[],1
759,0,0,[],2
1985,0,0,[],1
893,0,0,[],2
1653,0,0,[],1
1458,0,0,[],1
1419,0,0,[],2
995,0,0,[],2
653,0,0,[],1
2296,0,0,[],1
1173,0,0,[],1
1121,0,0,[],2
761,0,0,[],2
1828,0,0,[],2
328,0,0,[],2
430,0,0,[],1
419,0,0,[],2
2688,0,0,[],1
280,0,0,[],1
1750,0,0,[],2
391,0,0,[],5
2665,0,0,[],2
1711,0,0,[],1
1913,0,0,[],4
565,0,0,[],3
2471,0,0,[],2
29,0,0,[],6
463,0,0,[],1
1504,0,0,[],2
1038,0,0,[],2
533,0,0,[],2
2080,0,0,[],1
2763,0,0,[],2
2306,0,0,[],1
426,0,0,[],1
70,0,0,[],1
24,0,0,[],4
1736,0,0,[],2
1281,0,0,[],1
925,0,0,[],1
1945,0,0,[],1
676,0,0,[],1
2536,0,0,[],1
121,0,0,[],4
1966,0,0,[],3
85,0,0,[],1
2278,0,0,[],3
115,0,0,[],1
598,0,0,[],3
393,0,0,[],1
88,0,0,[],1
2524,0,0,[],3
784,0,0,[],1
1283,0,0,[],1
515,0,0,[],1
2199,0,0,[],1
2347,0,0,[],1
2314,0,0,[],2
1819,0,0,[],1
664,0,0,[],3
1931,0,0,[],1
358,0,0,[],7
895,0,0,[],1
1707,0,0,[],1
1482,0,0,[],2
1694,0,0,[],1
923,0,0,[],2
2467,0,0,[],2
501,0,0,[],1
1729,0,0,[],2
2267,0,0,[],3
1357,0,0,[],1
2705,0,0,[],1
2528,0,0,[],1
885,0,0,[],1
1069,0,0,[],1
2772,0,0,[],2
2160,0,0,[],1
398,0,0,[],1
1587,0,0,[],2
271,0,0,[],2
1253,0,0,[],7
774,0,0,[],4
2338,0,0,[],4
2218,0,0,[],1
1058,0,0,[],4
1851,0,0,[],1
2433,0,0,[],4
2713,0,0,[],1
2238,0,0,[],1
2586,0,0,[],2
865,0,0,[],2
801,0,0,[],2
1888,0,0,[],2
986,0,0,[],2
175,0,0,[],3
30,0,0,[],5
1359,0,0,[],5
371,0,0,[],3
900,0,0,[],3
2045,0,0,[],2
90,0,0,[],2
1356,0,0,[],2
1885,0,0,[],3
305,0,0,[],1
2452,0,0,[],4
1927,0,0,[],3
1515,0,0,[],1
924,0,0,[],1
866,0,0,[],2
1244,0,0,[],1
290,0,0,[],1
958,0,0,[],4
2113,0,0,[],2
53,0,0,[],1
525,0,0,[],2
226,0,0,[],2
687,0,0,[],3
2348,0,0,[],1
1875,0,0,[],2
71,0,0,[],3
264,0,0,[],1
2717,0,0,[],3
431,0,0,[],1
2252,0,0,[],2
244,0,0,[],1
814,0,0,[],2
1198,0,0,[],2
2,0,0,[],3
137,0,0,[],1
1025,0,0,[],6
731,0,0,[],2
1341,0,0,[],1
1776,0,0,[],1
1195,0,0,[],2
1263,0,0,[],2
840,0,0,[],1
2767,0,0,[],5
1613,0,0,[],5
362,0,0,[],1
1023,0,0,[],1
732,0,0,[],1
424,0,0,[],7
2024,0,0,[],2
2119,0,0,[],1
1347,0,0,[],1
2794,0,0,[],1
1313,0,0,[],2
265,0,0,[],1
2116,0,0,[],2
2052,0,0,[],1
161,0,0,[],1
2117,0,0,[],2
1999,0,0,[],1
802,0,0,[],2
944,0,0,[],3
1275,0,0,[],10
1512,0,0,[],1
1836,0,0,[],1
564,0,0,[],1
581,0,0,[],1
2491,0,0,[],5
61,0,0,[],4
174,0,0,[],1
2234,0,0,[],1
1995,0,0,[],1
1273,0,0,[],1
2392,0,0,[],1
2058,0,0,[],3
787,0,0,[],1
287,0,0,[],1
232,0,0,[],3
2100,0,0,[],1
291,0,0,[],1
2266,0,0,[],1
1688,0,0,[],1
2724,0,0,[],2
643,0,0,[],2
2630,0,0,[],1
2079,0,0,[],1
800,0,0,[],3
2380,0,0,[],1
788,0,0,[],1
1084,0,0,[],5
1962,0,0,[],1
779,0,0,[],1
561,0,0,[],1
212,0,0,[],1
1042,0,0,[],1
2153,0,0,[],2
1390,0,0,[],1
1130,0,0,[],1
2482,0,0,[],1
1753,0,0,[],1
255,0,0,[],10
2051,0,0,[],1
2057,0,0,[],3
1421,0,0,[],1
667,0,0,[],1
672,0,0,[],2
248,0,0,[],1
855,0,0,[],1
1702,0,0,[],5
2077,0,0,[],1
1183,0,0,[],2
554,0,0,[],4
6,0,0,[],2
1858,0,0,[],1
2290,0,0,[],3
2005,0,0,[],2
191,0,0,[],1
2517,0,0,[],1
1325,0,0,[],3
2530,0,0,[],1
780,0,0,[],2
2343,0,0,[],1
1288,0,0,[],2
962,0,0,[],5
1599,0,0,[],1
296,0,0,[],1
1878,0,0,[],2
18,0,0,[],5
1632,0,0,[],6
884,0,0,[],4
1448,0,0,[],1
746,0,0,[],1
2353,0,0,[],5
2025,0,0,[],2
1385,0,0,[],4
2200,0,0,[],1
2293,0,0,[],3
2405,0,0,[],1
2108,0,0,[],5
2583,0,0,[],6
2139,0,0,[],3
2105,0,0,[],2
2542,0,0,[],1
967,0,0,[],1
1805,0,0,[],2
488,0,0,[],3
483,0,0,[],1
1212,0,0,[],1
2730,0,0,[],1
1761,0,0,[],3
1001,0,0,[],2
1957,0,0,[],4
2738,0,0,[],1
2146,0,0,[],2
890,0,0,[],2
2547,0,0,[],1
2320,0,0,[],1
1868,0,0,[],1
2264,0,0,[],3
2641,0,0,[],1
1914,0,0,[],1
601,0,0,[],3
2539,0,0,[],1
1435,0,0,[],3
594,0,0,[],4
27,0,0,[],2
298,0,0,[],1
1075,0,0,[],1
2474,0,0,[],3
2656,0,0,[],1
1344,0,0,[],1
662,0,0,[],1
1203,0,0,[],1
1732,0,0,[],2
984,0,0,[],1
939,0,0,[],2
379,0,0,[],1
749,0,0,[],1
1207,0,0,[],1
1340,0,0,[],1
1470,0,0,[],2
307,0,0,[],2
2027,0,0,[],1
2258,0,0,[],2
2000,0,0,[],2
1002,0,0,[],2
1476,0,0,[],1
2745,0,0,[],1
2667,0,0,[],6
952,0,0,[],5
2316,0,0,[],3
1274,0,0,[],1
2294,0,0,[],1
25,0,0,[],2
1975,0,0,[],1
2446,0,0,[],1
1548,0,0,[],1
954,0,0,[],1
1098,0,0,[],1
555,0,0,[],2
1056,0,0,[],1
350,0,0,[],1
487,0,0,[],2
98,0,0,[],4
2132,0,0,[],2
647,0,0,[],1
2684,0,0,[],1
951,0,0,[],2
1243,0,0,[],2
889,0,0,[],1
2663,0,0,[],2
2782,0,0,[],1
1433,0,0,[],2
934,0,0,[],4
1723,0,0,[],2
782,0,0,[],3
1756,0,0,[],1
1428,0,0,[],4
372,0,0,[],1
698,0,0,[],2
1265,0,0,[],1
969,0,0,[],4
2637,0,0,[],2
12,0,0,[],1
1119,0,0,[],2
1731,0,0,[],1
1225,0,0,[],2
870,0,0,[],1
965,0,0,[],1
1520,0,0,[],4
2525,0,0,[],4
2165,0,0,[],1
404,0,0,[],1
2779,0,0,[],5
590,0,0,[],7
2516,0,0,[],1
367,0,0,[],3
1406,0,0,[],1
2397,0,0,[],7
2781,0,0,[],5
309,0,0,[],1
1648,0,0,[],1
2249,0,0,[],1
109,0,0,[],2
949,0,0,[],2
1033,0,0,[],2
781,0,0,[],1
1838,0,0,[],17
820,0,0,[],1
612,0,0,[],1
2478,0,0,[],3
1664,0,0,[],1
833,0,0,[],1
1922,0,0,[],1
1788,0,0,[],2
1820,0,0,[],3
211,0,0,[],2
2650,0,0,[],3
2205,0,0,[],2
1918,0,0,[],2
114,0,0,[],2
938,0,0,[],2
1692,0,0,[],1
1979,0,0,[],1
827,0,0,[],4
2123,0,0,[],1
684,0,0,[],2
2261,0,0,[],1
2404,0,0,[],2
1145,0,0,[],5
1300,0,0,[],2
1363,0,0,[],1
69,0,0,[],1
1689,0,0,[],2
1521,0,0,[],1
1652,0,0,[],1
1026,0,0,[],2
2171,0,0,[],1
2527,0,0,[],1
2036,0,0,[],1
1563,0,0,[],3
1264,0,0,[],1
670,0,0,[],1
817,0,0,[],1
595,0,0,[],2
2251,0,0,[],1
2508,0,0,[],2
1059,0,0,[],1
1157,0,0,[],2
2141,0,0,[],1
1460,0,0,[],1
2012,0,0,[],1
830,0,0,[],1
2186,0,0,[],4
2043,0,0,[],1
2300,0,0,[],2
123,0,0,[],3
11,0,0,[],4
1861,0,0,[],4
300,0,0,[],1
1657,0,0,[],4
708,0,0,[],4
2414,0,0,[],3
961,0,0,[],1
1046,0,0,[],3
1921,0,0,[],1
1031,0,0,[],3
1803,0,0,[],2
2375,0,0,[],5
716,0,0,[],2
2020,0,0,[],1
1436,0,0,[],1
2156,0,0,[],2
1716,0,0,[],1
2093,0,0,[],1
1051,0,0,[],2
1577,0,0,[],3
173,0,0,[],3
1600,0,0,[],4
831,0,0,[],2
2552,0,0,[],3
881,0,0,[],1
2493,0,0,[],2
325,0,0,[],2
2297,0,0,[],1
2208,0,0,[],2
2621,0,0,[],2
129,0,0,[],1
2365,0,0,[],1
2120,0,0,[],2
1809,0,0,[],1
2600,0,0,[],6
257,0,0,[],1
2339,0,0,[],3
1319,0,0,[],2
2352,0,0,[],3
2735,0,0,[],1
2345,0,0,[],2
1616,0,0,[],1
571,0,0,[],1
2344,0,0,[],1
700,0,0,[],1
319,0,0,[],2
1463,0,0,[],3
2101,0,0,[],1
1126,0,0,[],1
1898,0,0,[],7
2016,0,0,[],1
532,0,0,[],2
434,0,0,[],1
412,0,0,[],1
1950,0,0,[],1
2608,0,0,[],1
776,0,0,[],2
1272,0,0,[],2
43,0,0,[],1
1881,0,0,[],1
1465,0,0,[],3
2283,0,0,[],2
2773,0,0,[],4
134,0,0,[],3
94,0,0,[],6
1120,0,0,[],2
982,0,0,[],1
2743,0,0,[],3
1295,0,0,[],1
321,0,0,[],3
715,0,0,[],2
2622,0,0,[],1
1638,0,0,[],1
1941,0,0,[],3
292,0,0,[],1
2270,0,0,[],3
2609,0,0,[],2
127,0,0,[],1
1361,0,0,[],2
2784,0,0,[],1
428,0,0,[],1
1993,0,0,[],2
1994,0,0,[],1
1148,0,0,[],3
1068,0,0,[],3
797,0,0,[],4
1976,0,0,[],5
2098,0,0,[],1
1905,0,0,[],1
720,0,0,[],3
414,0,0,[],2
1771,0,0,[],3
2279,0,0,[],2
721,0,0,[],1
169,0,0,[],1
1045,0,0,[],1
943,0,0,[],1
1018,0,0,[],3
2619,0,0,[],5
621,0,0,[],1
125,0,0,[],1
1332,0,0,[],2
823,0,0,[],1
1949,0,0,[],1
1847,0,0,[],1
4,0,0,[],1
2581,0,0,[],1
1535,0,0,[],3
1258,0,0,[],3
1147,0,0,[],1
494,0,0,[],3
1618,0,0,[],1
2486,0,0,[],2
2302,0,0,[],5
1081,0,0,[],1
2048,0,0,[],5
1133,0,0,[],2
1241,0,0,[],1
1728,0,0,[],2
1484,0,0,[],1
544,0,0,[],4
2700,0,0,[],1
2134,0,0,[],3
2566,0,0,[],2
416,0,0,[],2
1326,0,0,[],1
373,0,0,[],2
2192,0,0,[],2
637,0,0,[],1
957,0,0,[],1
2550,0,0,[],1
2127,0,0,[],2
1772,0,0,[],3
868,0,0,[],1
289,0,0,[],5
2164,0,0,[],1
263,0,0,[],3
46,0,0,[],1
253,0,0,[],1
674,0,0,[],2
2232,0,0,[],1
13,0,0,[],1
2473,0,0,[],2
2212,0,0,[],2
1974,0,0,[],2
1751,0,0,[],4
617,0,0,[],1
1912,0,0,[],1
1343,0,0,[],1
1959,0,0,[],1
1202,0,0,[],3
2189,0,0,[],1
785,0,0,[],3
343,0,0,[],1
977,0,0,[],2
1348,0,0,[],4
2388,0,0,[],2
1816,0,0,[],4
1239,0,0,[],1
2610,0,0,[],1
2178,0,0,[],3
566,0,0,[],1
2597,0,0,[],1
1749,0,0,[],1
1118,0,0,[],1
1499,0,0,[],3
2631,0,0,[],2
1454,0,0,[],3
422,0,0,[],7
874,0,0,[],1
166,0,0,[],2
299,0,0,[],2
1030,0,0,[],3
1625,0,0,[],1
2431,0,0,[],2
2391,0,0,[],1
2076,0,0,[],3
126,0,0,[],1
2492,0,0,[],2
1329,0,0,[],2
1413,0,0,[],1
1411,0,0,[],4
132,0,0,[],2
2227,0,0,[],1
2632,0,0,[],2
2505,0,0,[],1
1656,0,0,[],2
734,0,0,[],4
728,0,0,[],2
1327,0,0,[],3
2327,0,0,[],3
891,0,0,[],1
972,0,0,[],2
1903,0,0,[],1
1063,0,0,[],9
822,0,0,[],2
1305,0,0,[],1
101,0,0,[],4
1650,0,0,[],1
1684,0,0,[],2
1835,0,0,[],3
2605,0,0,[],2
1844,0,0,[],2
1598,0,0,[],1
267,0,0,[],1
2799,0,0,[],4
2049,0,0,[],1
724,0,0,[],2
1146,0,0,[],2
2635,0,0,[],2
2612,0,0,[],3
413,0,0,[],3
2056,0,0,[],1
1981,0,0,[],1
2428,0,0,[],4
2402,0,0,[],3
751,0,0,[],4
1514,0,0,[],2
704,0,0,[],3
1320,0,0,[],2
2202,0,0,[],1
2011,0,0,[],2
549,0,0,[],4
38,0,0,[],2
1240,0,0,[],1
1717,0,0,[],1
1580,0,0,[],3
2441,0,0,[],1
457,0,0,[],2
221,0,0,[],1
165,0,0,[],2
2490,0,0,[],2
1911,0,0,[],1
963,0,0,[],4
2595,0,0,[],9
2535,0,0,[],4
1262,0,0,[],3
1615,0,0,[],2
1583,0,0,[],1
518,0,0,[],1
1502,0,0,[],1
1350,0,0,[],1
553,0,0,[],1
714,0,0,[],5
286,0,0,[],2
258,0,0,[],4
1309,0,0,[],2
245,0,0,[],3
2513,0,0,[],2
815,0,0,[],2
475,0,0,[],4
2286,0,0,[],1
691,0,0,[],1
122,0,0,[],1
826,0,0,[],2
2716,0,0,[],2
1259,0,0,[],1
1462,0,0,[],4
1594,0,0,[],1
839,0,0,[],3
2587,0,0,[],2
1853,0,0,[],3
1005,0,0,[],1
2259,0,0,[],1
677,0,0,[],2
2010,0,0,[],1
682,0,0,[],2
1228,0,0,[],1
2321,0,0,[],2
1362,0,0,[],2
875,0,0,[],3
301,0,0,[],2
1003,0,0,[],1
902,0,0,[],2
1206,0,0,[],3
2732,0,0,[],4
2786,0,0,[],2
879,0,0,[],4
628,0,0,[],3
1095,0,0,[],2
2693,0,0,[],3
1773,0,0,[],1
2054,0,0,[],2
981,0,0,[],3
1493,0,0,[],4
1364,0,0,[],2
591,0,0,[],2
1011,0,0,[],3
1443,0,0,[],1
1169,0,0,[],4
1082,0,0,[],1
2500,0,0,[],1
386,0,0,[],1
2627,0,0,[],1
1793,0,0,[],3
2715,0,0,[],1
1542,0,0,[],1
887,0,0,[],3
1035,0,0,[],2
796,0,0,[],2
1604,0,0,[],2
1358,0,0,[],1
1799,0,0,[],2
1977,0,0,[],1
914,0,0,[],4
2075,0,0,[],1
2214,0,0,[],3
1948,0,0,[],3
1335,0,0,[],1
486,0,0,[],2
1374,0,0,[],5
471,0,0,[],2
1937,0,0,[],1
1531,0,0,[],1
2655,0,0,[],3
1845,0,0,[],1
1318,0,0,[],1
110,0,0,[],1
543,0,0,[],2
2739,0,0,[],3
200,0,0,[],1
2167,0,0,[],1
2725,0,0,[],1
2557,0,0,[],2
2362,0,0,[],1
1268,0,0,[],7
2235,0,0,[],1
1067,0,0,[],1
953,0,0,[],2
2463,0,0,[],6
1947,0,0,[],2
1902,0,0,[],1
1209,0,0,[],1
2504,0,0,[],1
829,0,0,[],2
1581,0,0,[],1
2231,0,0,[],2
1269,0,0,[],1
1895,0,0,[],1
315,0,0,[],3
351,0,0,[],2
930,0,0,[],1
1952,0,0,[],3
2069,0,0,[],2
2455,0,0,[],1
1315,0,0,[],1
1078,0,0,[],2
216,0,0,[],3
1872,0,0,[],5
514,0,0,[],1
1477,0,0,[],2
2571,0,0,[],2
2369,0,0,[],2
745,0,0,[],3
648,0,0,[],1
733,0,0,[],1
1516,0,0,[],2
465,0,0,[],4
678,0,0,[],1
2313,0,0,[],1
987,0,0,[],1
2800,0,0,[],4
572,0,0,[],3
2366,0,0,[],4
1518,0,0,[],2
1213,0,0,[],1
1190,0,0,[],1
2124,0,0,[],1
1758,0,0,[],1
550,0,0,[],4
2207,0,0,[],2
2623,0,0,[],1
2764,0,0,[],2
2677,0,0,[],1
1277,0,0,[],1
620,0,0,[],3
1396,0,0,[],1
2416,0,0,[],2
689,0,0,[],2
1426,0,0,[],3
1010,0,0,[],1
552,0,0,[],1
1073,0,0,[],2
2184,0,0,[],3
1964,0,0,[],1
1418,0,0,[],5
556,0,0,[],1
402,0,0,[],4
462,0,0,[],4
376,0,0,[],1
2485,0,0,[],1
650,0,0,[],4
171,0,0,[],3
567,0,0,[],2
2187,0,0,[],2
1687,0,0,[],3
1452,0,0,[],1
2534,0,0,[],2
176,0,0,[],2
2148,0,0,[],1
2614,0,0,[],1
2436,0,0,[],1
905,0,0,[],2
1967,0,0,[],1
933,0,0,[],2
2740,0,0,[],1
973,0,0,[],8
1570,0,0,[],1
656,0,0,[],2
467,0,0,[],1
1097,0,0,[],1
1879,0,0,[],1
641,0,0,[],2
625,0,0,[],1
275,0,0,[],1
2115,0,0,[],3
7,0,0,[],2
2418,0,0,[],2
2653,0,0,[],1
2639,0,0,[],2
1545,0,0,[],3
683,0,0,[],1
2210,0,0,[],3
1804,0,0,[],2
39,0,0,[],2
2215,0,0,[],2
1308,0,0,[],4
1833,0,0,[],1
2531,0,0,[],3
1958,0,0,[],2
64,0,0,[],3
646,0,0,[],2
1537,0,0,[],3
1621,0,0,[],1
2282,0,0,[],2
1123,0,0,[],1
1382,0,0,[],1
791,0,0,[],1
725,0,0,[],3
883,0,0,[],5
2240,0,0,[],2
2447,0,0,[],8
2567,0,0,[],1
2522,0,0,[],3
1464,0,0,[],2
177,0,0,[],3
1222,0,0,[],4
2454,0,0,[],1
15,0,0,[],4
237,0,0,[],1
279,0,0,[],5
2094,0,0,[],1
2669,0,0,[],2
1567,0,0,[],3
2039,0,0,[],1
2356,0,0,[],3
1248,0,0,[],3
1743,0,0,[],1
2018,0,0,[],1
659,0,0,[],2
1346,0,0,[],2
1158,0,0,[],3
2718,0,0,[],4
1249,0,0,[],1
793,0,0,[],1
992,0,0,[],1
345,0,0,[],4
837,0,0,[],1
210,0,0,[],2
2736,0,0,[],1
1062,0,0,[],2
1129,0,0,[],3
1699,0,0,[],1
2201,0,0,[],3
1700,0,0,[],1
519,0,0,[],3
570,0,0,[],2
2060,0,0,[],1
1375,0,0,[],2
17,0,0,[],2
1798,0,0,[],1
2401,0,0,[],2
1088,0,0,[],1
2737,0,0,[],3
2554,0,0,[],6
2766,0,0,[],3
2728,0,0,[],1
1586,0,0,[],5
1654,0,0,[],2
2084,0,0,[],2
1208,0,0,[],4
2793,0,0,[],5
2561,0,0,[],2
636,0,0,[],1
1708,0,0,[],1
2678,0,0,[],5
983,0,0,[],1
1626,0,0,[],1
2174,0,0,[],3
1778,0,0,[],1
448,0,0,[],2
2633,0,0,[],1
239,0,0,[],3
2699,0,0,[],1
357,0,0,[],4
1544,0,0,[],1
394,0,0,[],3
2709,0,0,[],1
314,0,0,[],2
2003,0,0,[],1
899,0,0,[],2
1110,0,0,[],2
1539,0,0,[],1
303,0,0,[],1
1127,0,0,[],4
364,0,0,[],1
37,0,0,[],2
1377,0,0,[],2
2674,0,0,[],3
9,0,0,[],2
77,0,0,[],1
1380,0,0,[],3
1000,0,0,[],1
190,0,0,[],1
1296,0,0,[],1
583,0,0,[],1
2483,0,0,[],3
1852,0,0,[],1
2698,0,0,[],1
288,0,0,[],3
1932,0,0,[],2
1678,0,0,[],1
742,0,0,[],1
1224,0,0,[],4
2253,0,0,[],1
1480,0,0,[],3
1630,0,0,[],7
235,0,0,[],2
1806,0,0,[],1
582,0,0,[],1
652,0,0,[],1
60,0,0,[],2
1450,0,0,[],1
2409,0,0,[],4
2468,0,0,[],1
2512,0,0,[],10
1178,0,0,[],1
2400,0,0,[],3
1391,0,0,[],6
2540,0,0,[],2
1041,0,0,[],3
145,0,0,[],3
78,0,0,[],1
1527,0,0,[],2
490,0,0,[],1
871,0,0,[],1
920,0,0,[],6
1284,0,0,[],2
352,0,0,[],1
418,0,0,[],1
941,0,0,[],1
915,0,0,[],2
1954,0,0,[],1
1759,0,0,[],1
2209,0,0,[],5
20,0,0,[],1
506,0,0,[],2
2746,0,0,[],1
989,0,0,[],4
1083,0,0,[],1
1301,0,0,[],1
615,0,0,[],1
886,0,0,[],5
711,0,0,[],3
2324,0,0,[],1
1779,0,0,[],2
629,0,0,[],1
1886,0,0,[],1
1597,0,0,[],2
306,0,0,[],1
2430,0,0,[],2
2407,0,0,[],2
563,0,0,[],1
1550,0,0,[],1
1226,0,0,[],2
2034,0,0,[],2
2470,0,0,[],1
2379,0,0,[],3
1660,0,0,[],7
1972,0,0,[],1
909,0,0,[],1
795,0,0,[],1
640,0,0,[],8
2749,0,0,[],1
1053,0,0,[],2
2159,0,0,[],1
1721,0,0,[],1
1829,0,0,[],2
447,0,0,[],1
1100,0,0,[],1
2137,0,0,[],1
2664,0,0,[],2
1676,0,0,[],5
2381,0,0,[],3
170,0,0,[],1
48,0,0,[],4
1162,0,0,[],3
1112,0,0,[],1
2628,0,0,[],1
1884,0,0,[],4
1747,0,0,[],9
673,0,0,[],4
1532,0,0,[],3
1349,0,0,[],1
2533,0,0,[],2
1724,0,0,[],3
2510,0,0,[],2
1293,0,0,[],2
1840,0,0,[],2
2130,0,0,[],2
1096,0,0,[],1
2640,0,0,[],1
2287,0,0,[],3
2719,0,0,[],3
214,0,0,[],5
1021,0,0,[],1
349,0,0,[],1
433,0,0,[],1
926,0,0,[],3
1507,0,0,[],1
838,0,0,[],2
2427,0,0,[],2
1141,0,0,[],2
2568,0,0,[],1
2118,0,0,[],2
188,0,0,[],3
2795,0,0,[],1
2378,0,0,[],2
1052,0,0,[],2
445,0,0,[],1
1871,0,0,[],2
1718,0,0,[],1
2073,0,0,[],5
1506,0,0,[],2
220,0,0,[],1
2515,0,0,[],1
420,0,0,[],4
688,0,0,[],1
2659,0,0,[],2
2368,0,0,[],1
359,0,0,[],2
576,0,0,[],2
2671,0,0,[],1
1620,0,0,[],1
2792,0,0,[],2
1612,0,0,[],1
719,0,0,[],2
2110,0,0,[],1
2683,0,0,[],3
1930,0,0,[],3
1955,0,0,[],1
395,0,0,[],2
931,0,0,[],1
1614,0,0,[],5
1651,0,0,[],1
1099,0,0,[],1
757,0,0,[],1
2689,0,0,[],1
1221,0,0,[],1
446,0,0,[],3
1032,0,0,[],3
1336,0,0,[],1
792,0,0,[],1
1908,0,0,[],2
2448,0,0,[],1
1971,0,0,[],1
1412,0,0,[],1
976,0,0,[],2
363,0,0,[],1
2601,0,0,[],3
2617,0,0,[],4
283,0,0,[],3
444,0,0,[],2
695,0,0,[],3
453,0,0,[],1
2456,0,0,[],1
2303,0,0,[],2
1193,0,0,[],2
2444,0,0,[],2
1159,0,0,[],1
1134,0,0,[],1
461,0,0,[],1
1677,0,0,[],3
1748,0,0,[],1
172,0,0,[],4
2109,0,0,[],1
2311,0,0,[],1
516,0,0,[],3
2393,0,0,[],4
1610,0,0,[],3
2734,0,0,[],5
168,0,0,[],1
2331,0,0,[],3
1009,0,0,[],5
104,0,0,[],1
2590,0,0,[],2
2399,0,0,[],2
2102,0,0,[],2
1331,0,0,[],1
1596,0,0,[],1
2549,0,0,[],2
775,0,0,[],1
1934,0,0,[],1
89,0,0,[],1
1424,0,0,[],2
1647,0,0,[],2
2138,0,0,[],4
2722,0,0,[],1
1526,0,0,[],4
1933,0,0,[],1
2194,0,0,[],1
2403,0,0,[],6
657,0,0,[],5
1355,0,0,[],1
2180,0,0,[],2
323,0,0,[],3
2616,0,0,[],5
1131,0,0,[],2
1087,0,0,[],2
2247,0,0,[],2
1047,0,0,[],1
1794,0,0,[],1
181,0,0,[],1
260,0,0,[],1
1787,0,0,[],2
2760,0,0,[],1
768,0,0,[],2
2771,0,0,[],1
1136,0,0,[],2
2702,0,0,[],1
1559,0,0,[],1
2654,0,0,[],1
2169,0,0,[],3
2152,0,0,[],2
635,0,0,[],1
2545,0,0,[],1
346,0,0,[],1
2652,0,0,[],1
1770,0,0,[],3
1022,0,0,[],2
369,0,0,[],1
1242,0,0,[],2
282,0,0,[],7
1444,0,0,[],1
699,0,0,[],3
55,0,0,[],1
709,0,0,[],11
1554,0,0,[],5
1012,0,0,[],2
2062,0,0,[],1
1472,0,0,[],1
2374,0,0,[],1
31,0,0,[],1
2518,0,0,[],4
1752,0,0,[],1
1589,0,0,[],1
2168,0,0,[],1
524,0,0,[],6
186,0,0,[],1
812,0,0,[],1
654,0,0,[],4
2593,0,0,[],5
1679,0,0,[],3
2112,0,0,[],2
1899,0,0,[],3
806,0,0,[],4
1524,0,0,[],1
1585,0,0,[],1
270,0,0,[],3
2273,0,0,[],2
2085,0,0,[],1
511,0,0,[],2
189,0,0,[],1
2611,0,0,[],1
1446,0,0,[],2
1492,0,0,[],3
1266,0,0,[],1
634,0,0,[],1
1186,0,0,[],2
2559,0,0,[],1
1617,0,0,[],1
1372,0,0,[],1
1061,0,0,[],1
2263,0,0,[],5
2064,0,0,[],3
2613,0,0,[],7
860,0,0,[],4
2797,0,0,[],2
1968,0,0,[],7
1556,0,0,[],1
2083,0,0,[],2
520,0,0,[],4
861,0,0,[],2
1260,0,0,[],1
2271,0,0,[],2
51,0,0,[],1
1137,0,0,[],1
2198,0,0,[],1
464,0,0,[],2
1722,0,0,[],1
1709,0,0,[],1
1983,0,0,[],1
410,0,0,[],1
86,0,0,[],3
794,0,0,[],1
1125,0,0,[],1
1906,0,0,[],1
1859,0,0,[],1
2544,0,0,[],1
2136,0,0,[],4
1342,0,0,[],1
68,0,0,[],1
456,0,0,[],6
1175,0,0,[],5
302,0,0,[],4
2729,0,0,[],2
1439,0,0,[],1
1784,0,0,[],1
2336,0,0,[],1
1649,0,0,[],1
1254,0,0,[],2
562,0,0,[],1
2733,0,0,[],1
1744,0,0,[],1
1399,0,0,[],1
1740,0,0,[],1
1076,0,0,[],3
748,0,0,[],2
2335,0,0,[],3
242,0,0,[],1
707,0,0,[],1
2015,0,0,[],5
273,0,0,[],1
1177,0,0,[],1
2776,0,0,[],1
230,0,0,[],4
1673,0,0,[],1
1938,0,0,[],1
2644,0,0,[],1
2706,0,0,[],2
1641,0,0,[],1
1339,0,0,[],4
760,0,0,[],3
2342,0,0,[],2
1414,0,0,[],1
850,0,0,[],5
411,0,0,[],1
1579,0,0,[],3
693,0,0,[],1
2216,0,0,[],3
1316,0,0,[],1
1832,0,0,[],6
880,0,0,[],5
1322,0,0,[],1
2143,0,0,[],1
405,0,0,[],4
2565,0,0,[],2
183,0,0,[],2
692,0,0,[],2
1402,0,0,[],3
710,0,0,[],1
2317,0,0,[],1
2592,0,0,[],1
157,0,0,[],1
1449,0,0,[],2
1783,0,0,[],4
1909,0,0,[],3
2222,0,0,[],1
1455,0,0,[],2
1682,0,0,[],1
1485,0,0,[],3
1857,0,0,[],1
1378,0,0,[],1
1389,0,0,[],5
35,0,0,[],1
1568,0,0,[],2
841,0,0,[],1
8,0,0,[],1
143,0,0,[],1
2421,0,0,[],2
2001,0,0,[],2
1431,0,0,[],1
1064,0,0,[],5
19,0,0,[],2
2703,0,0,[],3
1395,0,0,[],2
1843,0,0,[],1
996,0,0,[],1
1187,0,0,[],1
2507,0,0,[],1
1353,0,0,[],3
254,0,0,[],3
1410,0,0,[],1
311,0,0,[],1
403,0,0,[],1
894,0,0,[],1
141,0,0,[],1
2615,0,0,[],1
450,0,0,[],3
1417,0,0,[],1
159,0,0,[],3
360,0,0,[],4
1161,0,0,[],1
2096,0,0,[],2
1310,0,0,[],7
312,0,0,[],4
2299,0,0,[],3
1746,0,0,[],1
772,0,0,[],3
449,0,0,[],4
2555,0,0,[],1
1055,0,0,[],1
1491,0,0,[],3
2250,0,0,[],1
138,0,0,[],2
223,0,0,[],6
2091,0,0,[],6
1837,0,0,[],3
2426,0,0,[],2
2337,0,0,[],2
204,0,0,[],2
1636,0,0,[],1
1989,0,0,[],1
102,0,0,[],7
458,0,0,[],2
1646,0,0,[],3
1939,0,0,[],2
2244,0,0,[],1
1219,0,0,[],3
666,0,0,[],1
946,0,0,[],2
1768,0,0,[],2
1996,0,0,[],2
234,0,0,[],1
777,0,0,[],1
592,0,0,[],3
261,0,0,[],4
42,0,0,[],1
2334,0,0,[],2
2332,0,0,[],4
2417,0,0,[],1
1882,0,0,[],2
1867,0,0,[],1
1564,0,0,[],1
2177,0,0,[],1
103,0,0,[],2
2582,0,0,[],5
2228,0,0,[],1
876,0,0,[],1
454,0,0,[],2
1223,0,0,[],1
2114,0,0,[],4
2183,0,0,[],2
1925,0,0,[],3
622,0,0,[],1
2437,0,0,[],2
1764,0,0,[],2
408,0,0,[],1
195,0,0,[],2
338,0,0,[],3
1864,0,0,[],2
1479,0,0,[],6
558,0,0,[],1
1392,0,0,[],1
1345,0,0,[],2
0,0,0,[],2
1891,0,0,[],2
2440,0,0,[],7
1194,0,0,[],1
2213,0,0,[],1
1713,0,0,[],3
1257,0,0,[],2
1611,0,0,[],1
2520,0,0,[],1
1471,0,0,[],1
1044,0,0,[],1
1523,0,0,[],2
2031,0,0,[],2
1066,0,0,[],1
1591,0,0,[],1
2323,0,0,[],3
2359,0,0,[],1
2346,0,0,[],1
1923,0,0,[],1
741,0,0,[],1
1386,0,0,[],1
2711,0,0,[],1
597,0,0,[],1
2245,0,0,[],2
474,0,0,[],1
80,0,0,[],1
1168,0,0,[],3
2309,0,0,[],1
1371,0,0,[],4
160,0,0,[],7
706,0,0,[],1
2569,0,0,[],1
241,0,0,[],1
2672,0,0,[],1
912,0,0,[],5
1422,0,0,[],1
2161,0,0,[],4
1944,0,0,[],1
294,0,0,[],2
619,0,0,[],1
409,0,0,[],1
2723,0,0,[],2
1757,0,0,[],1
588,0,0,[],2
1552,0,0,[],1
1090,0,0,[],1
150,0,0,[],3
2754,0,0,[],1
2694,0,0,[],1
906,0,0,[],1
203,0,0,[],3
964,0,0,[],1
1163,0,0,[],3
2145,0,0,[],4
2434,0,0,[],3
2219,0,0,[],2
1429,0,0,[],1
2190,0,0,[],1
1725,0,0,[],5
158,0,0,[],1
2319,0,0,[],2
2061,0,0,[],1
1028,0,0,[],2
1367,0,0,[],1
1693,0,0,[],6
1663,0,0,[],1
633,0,0,[],2
668,0,0,[],2
1733,0,0,[],2
2370,0,0,[],1
808,0,0,[],1
1738,0,0,[],3
665,0,0,[],1
1998,0,0,[],1
1814,0,0,[],1
2006,0,0,[],2
2173,0,0,[],1
2726,0,0,[],2
375,0,0,[],1
2651,0,0,[],1
2191,0,0,[],3
877,0,0,[],1
217,0,0,[],2
62,0,0,[],1
295,0,0,[],1
1690,0,0,[],1
1211,0,0,[],2
1606,0,0,[],6
1765,0,0,[],2
378,0,0,[],1
834,0,0,[],8
892,0,0,[],1
2642,0,0,[],1
783,0,0,[],2
2149,0,0,[],3
1536,0,0,[],2
872,0,0,[],3
2629,0,0,[],3
2801,0,0,[],8
937,0,0,[],2
1984,0,0,[],1
47,0,0,[],2
2088,0,0,[],6
451,0,0,[],4
238,0,0,[],2
2193,0,0,[],2
318,0,0,[],2
2328,0,0,[],2
985,0,0,[],1
443,0,0,[],5
507,0,0,[],4
2511,0,0,[],2
1869,0,0,[],2
1261,0,0,[],1
945,0,0,[],2
135,0,0,[],3
2255,0,0,[],1
112,0,0,[],7
1576,0,0,[],1
313,0,0,[],4
1965,0,0,[],2
1101,0,0,[],1
2333,0,0,[],3
341,0,0,[],1
131,0,0,[],1
1077,0,0,[],1
1644,0,0,[],1
1842,0,0,[],3
1060,0,0,[],1
2122,0,0,[],1
1960,0,0,[],1
2206,0,0,[],2
1541,0,0,[],1
767,0,0,[],1
1016,0,0,[],1
427,0,0,[],1
480,0,0,[],2
2599,0,0,[],9
739,0,0,[],1
743,0,0,[],2
2687,0,0,[],2
2785,0,0,[],2
326,0,0,[],1
1034,0,0,[],2
758,0,0,[],2
1540,0,0,[],5
1107,0,0,[],1
2541,0,0,[],5
966,0,0,[],1
2295,0,0,[],1
247,0,0,[],5
1789,0,0,[],1
167,0,0,[],4
1760,0,0,[],1
281,0,0,[],3
2647,0,0,[],2
680,0,0,[],1
124,0,0,[],2
41,0,0,[],1
1122,0,0,[],1
2204,0,0,[],2
44,0,0,[],5
1398,0,0,[],1
1754,0,0,[],3
631,0,0,[],1
163,0,0,[],1
1408,0,0,[],6
1513,0,0,[],1
151,0,0,[],2
1822,0,0,[],3
869,0,0,[],3
596,0,0,[],2
867,0,0,[],1
2285,0,0,[],2
2636,0,0,[],1
2254,0,0,[],2
1473,0,0,[],5
928,0,0,[],2
593,0,0,[],1
2704,0,0,[],2
1317,0,0,[],1
713,0,0,[],1
1874,0,0,[],5
531,0,0,[],1
1943,0,0,[],1
1468,0,0,[],1
368,0,0,[],4
1551,0,0,[],2
285,0,0,[],2
2494,0,0,[],2
1802,0,0,[],2
918,0,0,[],2
1430,0,0,[],4
2104,0,0,[],1
179,0,0,[],3
1004,0,0,[],1
2625,0,0,[],1
1049,0,0,[],1
1683,0,0,[],1
2041,0,0,[],1
2329,0,0,[],1
545,0,0,[],3
649,0,0,[],2
1546,0,0,[],6
1333,0,0,[],2
568,0,0,[],1
142,0,0,[],1
1578,0,0,[],1
2798,0,0,[],4
2203,0,0,[],2
950,0,0,[],6
2248,0,0,[],3
