,fold0_variance,fold0_old_variance,fold0_random,fold0_uncertainty,fold0_old_uncertainty,fold0_dens_uncertainty,fold0_dens_variance,fold0_dens_uncertainty_sqrt,fold0_dens_variance_sqrt
1,"[417, 787, 542, 7, 239, 114, 301, 41]","[160, 793, 502, 337, 698, 744, 749, 196]","[173, 319, 624, 52, 55, 753, 70, 132]","[100, 741, 316, 2, 196, 216, 212, 491]","[449, 71, 475, 622, 662, 100, 226, 370]","[241, 699, 252, 110, 330, 652, 512, 709]","[756, 266, 502, 337, 17, 160, 127, 554]","[709, 695, 141, 330, 215, 581, 779, 474]","[337, 793, 417, 744, 116, 160, 721, 698]"
2,"[433, 160, 498, 772, 508, 244, 756, 62]","[417, 542, 498, 14, 73, 651, 185, 33]","[196, 594, 624, 544, 428, 183, 54, 741]","[36, 472, 571, 35, 603, 778, 157, 177]","[768, 392, 772, 63, 127, 751, 445, 619]","[241, 248, 99, 595, 252, 474, 652, 531]","[27, 119, 320, 692, 160, 105, 343, 202]","[99, 241, 474, 141, 252, 512, 726, 581]","[160, 433, 33, 410, 62, 132, 27, 73]"
3,"[62, 160, 651, 410, 343, 32, 14, 202]","[651, 442, 299, 798, 62, 160, 31, 760]","[313, 13, 624, 495, 153, 356, 278, 504]","[724, 392, 691, 103, 554, 187, 77, 612]","[612, 77, 485, 36, 433, 723, 120, 743]","[248, 474, 99, 692, 531, 160, 695, 164]","[160, 502, 32, 252, 417, 595, 62, 684]","[581, 241, 595, 474, 764, 252, 99, 175]","[431, 127, 343, 4, 623, 502, 185, 642]"
4,"[119, 651, 27, 63, 693, 369, 749, 687]","[406, 469, 62, 127, 32, 160, 206, 780]","[744, 713, 624, 155, 510, 237, 26, 115]","[453, 406, 586, 572, 275, 124, 780, 87]","[456, 620, 457, 219, 700, 157, 70, 452]","[248, 474, 325, 99, 160, 141, 581, 57]","[132, 595, 39, 252, 62, 325, 552, 410]","[141, 512, 652, 57, 99, 474, 563, 311]","[160, 756, 692, 43, 62, 32, 597, 554]"
5,"[44, 160, 725, 254, 31, 674, 698, 379]","[27, 4, 202, 379, 716, 677, 177, 401]","[97, 297, 624, 738, 379, 41, 414, 363]","[32, 331, 337, 425, 793, 45, 529, 69]","[419, 778, 20, 139, 479, 372, 16, 45]","[474, 160, 330, 245, 431, 141, 309, 215]","[431, 261, 268, 485, 556, 369, 177, 134]","[141, 160, 652, 417, 478, 166, 164, 666]","[268, 177, 320, 119, 379, 502, 275, 485]"
6,"[116, 156, 205, 87, 332, 177, 103, 406]","[410, 105, 782, 179, 745, 176, 472, 98]","[398, 733, 337, 290, 357, 736, 542, 421]","[399, 359, 469, 452, 535, 420, 250, 422]","[621, 324, 443, 45, 64, 263, 95, 741]","[431, 485, 417, 166, 666, 225, 141, 478]","[4, 379, 212, 597, 86, 339, 225, 64]","[330, 261, 160, 485, 225, 62, 756, 646]","[268, 595, 495, 533, 17, 80, 556, 540]"
7,"[386, 552, 410, 407, 185, 666, 472, 509]","[369, 721, 754, 450, 651, 335, 700, 787]","[364, 348, 633, 596, 367, 461, 43, 72]","[276, 395, 48, 610, 50, 135, 24, 130]","[156, 535, 684, 280, 323, 108, 274, 422]","[478, 141, 556, 488, 17, 666, 330, 549]","[86, 652, 597, 595, 133, 335, 151, 143]","[478, 666, 160, 488, 549, 330, 692, 332]","[64, 595, 687, 212, 105, 410, 597, 552]"
8,"[754, 651, 744, 132, 212, 337, 597, 31]","[320, 518, 343, 21, 441, 301, 406, 332]","[328, 308, 12, 781, 395, 55, 594, 382]","[21, 73, 433, 205, 792, 354, 478, 602]","[401, 17, 201, 420, 586, 269, 708, 51]","[247, 62, 756, 309, 4, 568, 579, 119]","[533, 110, 474, 576, 226, 420, 245, 646]","[309, 512, 164, 38, 589, 568, 549, 451]","[39, 64, 252, 359, 684, 410, 223, 261]"
9,"[744, 793, 700, 721, 480, 674, 597, 33]","[756, 410, 674, 7, 552, 442, 632, 196]","[756, 654, 12, 157, 69, 114, 512, 438]","[749, 27, 760, 687, 390, 776, 793, 442]","[759, 488, 358, 380, 572, 244, 793, 317]","[247, 4, 164, 512, 600, 579, 565, 589]","[474, 627, 540, 241, 472, 624, 359, 698]","[512, 565, 747, 309, 304, 549, 451, 540]","[252, 450, 595, 365, 143, 576, 332, 472]"
10,"[205, 43, 7, 502, 406, 740, 410, 793]","[7, 103, 132, 759, 44, 154, 405, 439]","[778, 228, 760, 299, 58, 153, 713, 630]","[445, 573, 665, 11, 196, 370, 132, 773]","[399, 497, 602, 491, 333, 713, 556, 342]","[549, 699, 39, 579, 512, 21, 112, 451]","[474, 241, 332, 683, 610, 256, 791, 33]","[699, 563, 348, 6, 586, 591, 463, 530]","[151, 474, 335, 241, 103, 202, 503, 133]"
11,"[798, 205, 419, 502, 467, 115, 31, 374]","[651, 302, 63, 365, 664, 205, 471, 433]","[215, 32, 159, 98, 11, 468, 728, 613]","[456, 662, 757, 0, 354, 443, 698, 262]","[566, 768, 167, 380, 661, 170, 207, 476]","[549, 699, 579, 762, 523, 326, 581, 525]","[474, 630, 43, 450, 205, 201, 745, 562]","[699, 489, 513, 110, 6, 463, 43, 143]","[474, 151, 630, 212, 266, 241, 176, 617]"
12,"[442, 401, 380, 628, 405, 320, 602, 562]","[674, 778, 415, 742, 725, 683, 582, 196]","[209, 389, 446, 342, 658, 568, 716, 426]","[485, 782, 594, 45, 358, 70, 621, 378]","[108, 74, 768, 380, 207, 436, 378, 390]","[523, 143, 762, 373, 200, 416, 627, 732]","[268, 410, 64, 612, 678, 744, 582, 339]","[699, 792, 118, 762, 735, 579, 510, 779]","[474, 791, 339, 225, 627, 612, 173, 510]"
13,"[442, 205, 628, 268, 651, 518, 782, 798]","[651, 674, 386, 374, 467, 687, 582, 480]","[448, 326, 76, 358, 515, 632, 586, 79]","[162, 766, 502, 475, 798, 226, 632, 457]","[640, 121, 402, 216, 155, 387, 736, 317]","[627, 525, 581, 503, 15, 489, 549, 786]","[410, 116, 431, 212, 205, 771, 585, 272]","[134, 762, 237, 579, 643, 629, 779, 200]","[474, 666, 272, 215, 792, 609, 86, 342]"
14,"[651, 380, 163, 268, 664, 116, 331, 683]","[651, 192, 163, 267, 396, 616, 562, 609]","[455, 206, 76, 343, 435, 616, 797, 318]","[116, 192, 212, 435, 62, 349, 154, 55]","[187, 552, 237, 176, 174, 617, 603, 453]","[627, 726, 18, 554, 643, 34, 502, 731]","[99, 652, 470, 478, 352, 215, 495, 248]","[335, 779, 579, 759, 356, 612, 325, 416]","[652, 86, 683, 500, 99, 759, 536, 14]"
15,"[302, 651, 192, 252, 163, 116, 196, 374]","[502, 205, 331, 268, 560, 163, 252, 674]","[569, 177, 76, 142, 95, 521, 380, 310]","[223, 159, 20, 119, 270, 72, 107, 745]","[65, 664, 194, 85, 477, 378, 692, 509]","[554, 237, 512, 513, 627, 278, 197, 373]","[565, 609, 500, 510, 185, 196, 173, 409]","[248, 450, 549, 119, 579, 513, 409, 779]","[585, 99, 666, 226, 134, 187, 38, 549]"
16,"[624, 267, 582, 121, 378, 402, 140, 471]","[252, 205, 151, 119, 582, 764, 87, 597]","[569, 314, 76, 142, 29, 655, 380, 310]","[65, 548, 254, 167, 152, 497, 435, 351]","[438, 744, 38, 72, 582, 386, 351, 435]","[554, 513, 627, 256, 470, 735, 668, 536]","[595, 99, 302, 503, 792, 617, 187, 151]","[248, 539, 483, 544, 431, 597, 737, 567]","[163, 562, 401, 479, 34, 470, 410, 44]"
17,"[708, 467, 582, 252, 323, 137, 378, 470]","[535, 174, 725, 254, 576, 597, 674, 285]","[178, 407, 635, 264, 511, 503, 790, 782]","[700, 380, 211, 374, 178, 274, 716, 609]","[444, 296, 440, 674, 671, 322, 79, 38]","[86, 536, 457, 348, 545, 612, 261, 525]","[99, 793, 151, 119, 275, 140, 365, 589]","[431, 248, 243, 348, 732, 126, 261, 437]","[116, 632, 401, 99, 459, 438, 166, 582]"
18,"[582, 50, 299, 792, 798, 725, 745, 674]","[205, 744, 485, 380, 582, 116, 175, 706]","[330, 298, 221, 527, 514, 352, 31, 160]","[127, 374, 576, 754, 798, 63, 725, 143]","[780, 744, 2, 632, 210, 718, 466, 640]","[536, 495, 86, 779, 525, 630, 304, 22]","[709, 459, 549, 21, 666, 463, 699, 336]","[609, 279, 245, 209, 261, 135, 396, 668]","[130, 100, 256, 116, 469, 351, 707, 196]"
19,"[154, 213, 725, 778, 679, 632, 772, 776]","[31, 582, 267, 374, 302, 156, 491, 711]","[590, 346, 176, 35, 306, 287, 565, 192]","[446, 224, 470, 421, 660, 798, 79, 299]","[124, 490, 584, 48, 710, 168, 143, 162]","[409, 630, 451, 792, 502, 450, 479, 597]","[536, 100, 539, 166, 342, 523, 321, 478]","[18, 470, 200, 536, 61, 472, 195, 523]","[352, 321, 325, 745, 331, 247, 793, 420]"
20,"[556, 485, 335, 10, 225, 459, 666, 500]","[797, 556, 793, 151, 105, 215, 752, 275]","[729, 789, 349, 83, 662, 506, 752, 682]","[205, 133, 44, 207, 506, 492, 75, 310]","[152, 658, 508, 71, 366, 529, 260, 570]","[6, 434, 108, 625, 539, 463, 525, 556]","[549, 223, 568, 302, 326, 470, 749, 666]","[523, 536, 434, 495, 180, 473, 278, 197]","[205, 409, 302, 749, 239, 518, 582, 135]"
21,"[196, 474, 166, 478, 742, 543, 678, 684]","[666, 116, 359, 31, 41, 374, 500, 470]","[37, 148, 349, 796, 241, 515, 101, 591]","[502, 464, 721, 401, 142, 156, 162, 124]","[585, 276, 225, 130, 60, 719, 446, 646]","[6, 759, 544, 556, 148, 87, 463, 164]","[268, 731, 467, 687, 156, 549, 116, 518]","[536, 180, 200, 539, 39, 609, 164, 598]","[595, 580, 652, 356, 196, 582, 439, 201]"
22,"[285, 96, 102, 196, 11, 547, 55, 474]","[666, 559, 508, 55, 287, 310, 317, 116]","[763, 743, 349, 796, 65, 537, 292, 591]","[378, 369, 542, 296, 225, 500, 784, 170]","[738, 297, 435, 11, 9, 2, 108, 640]","[243, 320, 148, 556, 201, 332, 130, 131]","[268, 176, 75, 793, 479, 14, 549, 107]","[17, 502, 569, 458, 112, 108, 388, 522]","[191, 75, 302, 405, 196, 386, 110, 339]"
23,"[474, 487, 478, 359, 382, 617, 560, 576]","[121, 380, 761, 534, 126, 410, 32, 185]","[730, 169, 349, 796, 661, 200, 436, 405]","[692, 562, 683, 374, 255, 380, 119, 205]","[236, 617, 794, 519, 266, 580, 766, 398]","[201, 180, 8, 556, 348, 261, 707, 437]","[679, 728, 22, 164, 759, 267, 105, 580]","[247, 569, 673, 356, 539, 786, 379, 78]","[107, 646, 624, 248, 566, 431, 776, 498]"
24,"[90, 206, 162, 492, 153, 55, 689, 334]","[367, 559, 693, 380, 24, 162, 115, 798]","[96, 491, 68, 529, 362, 243, 572, 493]","[435, 492, 646, 566, 739, 295, 116, 13]","[225, 745, 618, 656, 422, 130, 236, 545]","[201, 261, 111, 127, 707, 530, 180, 750]","[793, 439, 214, 223, 162, 196, 342, 57]","[247, 531, 4, 539, 78, 373, 503, 326]","[162, 140, 456, 380, 568, 451, 151, 678]"
25,"[416, 396, 491, 209, 151, 760, 646, 409]","[191, 602, 467, 126, 768, 401, 378, 559]","[629, 41, 226, 36, 618, 27, 322, 218]","[490, 498, 255, 39, 723, 195, 116, 163]","[321, 191, 219, 178, 635, 435, 482, 443]","[201, 111, 750, 779, 707, 598, 173, 595]","[764, 268, 363, 438, 331, 488, 61, 295]","[4, 531, 373, 539, 131, 105, 111, 231]","[380, 162, 326, 245, 268, 108, 731, 488]"
26,"[595, 151, 533, 17, 774, 93, 431, 585]","[191, 602, 492, 366, 122, 768, 125, 773]","[793, 736, 418, 248, 388, 22, 743, 792]","[674, 736, 280, 718, 560, 438, 756, 55]","[445, 342, 236, 61, 305, 617, 462, 683]","[201, 707, 779, 43, 609, 363, 586, 257]","[268, 410, 108, 356, 699, 539, 498, 632]","[15, 525, 625, 627, 22, 707, 111, 8]","[728, 268, 382, 363, 225, 410, 541, 164]"
27,"[85, 420, 4, 474, 526, 692, 367, 383]","[410, 43, 372, 540, 122, 559, 402, 568]","[256, 534, 232, 794, 268, 344, 441, 179]","[556, 113, 239, 256, 710, 742, 269, 674]","[310, 443, 760, 137, 142, 219, 603, 108]","[567, 707, 118, 770, 386, 779, 231, 311]","[793, 225, 699, 196, 539, 490, 410, 778]","[627, 525, 375, 556, 707, 28, 256, 6]","[268, 478, 793, 164, 764, 214, 191, 356]"
28,"[752, 380, 714, 545, 126, 759, 174, 225]","[30, 725, 140, 137, 302, 187, 55, 210]","[574, 430, 232, 704, 619, 404, 356, 673]","[773, 301, 644, 324, 65, 380, 372, 349]","[163, 225, 315, 583, 540, 353, 755, 572]","[707, 737, 28, 78, 113, 427, 779, 416]","[7, 539, 205, 582, 317, 191, 451, 386]","[627, 525, 556, 707, 21, 420, 407, 750]","[793, 268, 205, 267, 478, 156, 732, 406]"
29,"[226, 152, 34, 582, 125, 410, 115, 631]","[410, 781, 570, 119, 798, 268, 378, 173]","[206, 433, 232, 393, 627, 677, 465, 134]","[552, 101, 210, 202, 684, 508, 142, 644]","[279, 572, 355, 295, 220, 780, 101, 691]","[747, 563, 591, 386, 468, 28, 609, 764]","[7, 356, 225, 164, 130, 405, 677, 205]","[627, 525, 556, 707, 750, 407, 600, 591]","[119, 61, 164, 342, 630, 513, 336, 266]"
30,"[191, 269, 130, 488, 410, 237, 582, 736]","[439, 166, 115, 543, 409, 470, 239, 559]","[289, 204, 466, 174, 9, 390, 131, 556]","[404, 755, 547, 137, 120, 60, 449, 287]","[138, 145, 799, 30, 570, 261, 602, 299]","[28, 629, 359, 78, 639, 407, 673, 75]","[164, 451, 582, 135, 776, 600, 380, 13]","[627, 525, 556, 707, 438, 86, 407, 243]","[539, 549, 583, 13, 105, 739, 117, 15]"
31,"[13, 747, 58, 195, 341, 351, 606, 267]","[793, 342, 678, 10, 105, 115, 315, 61]","[450, 552, 409, 598, 381, 501, 736, 85]","[781, 470, 194, 784, 545, 236, 477, 305]","[782, 784, 178, 58, 236, 723, 295, 506]","[28, 243, 75, 624, 407, 25, 203, 682]","[401, 163, 162, 739, 95, 402, 351, 781]","[86, 556, 707, 469, 130, 479, 694, 630]","[549, 470, 317, 589, 565, 679, 406, 739]"
32,"[342, 421, 263, 125, 733, 701, 270, 210]","[356, 323, 50, 309, 477, 116, 119, 546]","[526, 571, 181, 684, 197, 712, 724, 737]","[452, 607, 794, 409, 656, 139, 454, 126]","[163, 316, 649, 244, 206, 663, 492, 279]","[682, 563, 407, 28, 624, 591, 684, 673]","[401, 382, 116, 342, 105, 302, 254, 513]","[630, 62, 105, 151, 363, 343, 203, 626]","[549, 57, 254, 451, 617, 223, 525, 342]"
33,"[187, 138, 59, 116, 372, 743, 207, 316]","[93, 617, 714, 533, 793, 500, 32, 342]","[148, 632, 470, 235, 659, 161, 603, 6]","[185, 442, 51, 440, 126, 731, 142, 534]","[170, 262, 576, 142, 618, 776, 551, 596]","[682, 624, 472, 52, 673, 599, 427, 463]","[761, 739, 513, 732, 433, 15, 536, 113]","[504, 585, 105, 617, 410, 153, 637, 673]","[225, 237, 361, 421, 119, 718, 539, 617]"
34,"[612, 61, 761, 674, 602, 401, 171, 365]","[477, 225, 684, 7, 114, 309, 488, 64]","[739, 130, 470, 235, 595, 715, 114, 6]","[367, 784, 236, 314, 464, 674, 95, 58]","[555, 793, 498, 44, 285, 119, 130, 442]","[624, 240, 626, 673, 222, 292, 306, 6]","[237, 566, 406, 721, 44, 361, 736, 247]","[292, 25, 517, 673, 240, 441, 624, 52]","[21, 108, 610, 105, 582, 771, 205, 781]"
35,"[72, 18, 442, 342, 77, 764, 288, 716]","[225, 487, 119, 151, 632, 356, 382, 612]","[238, 577, 549, 254, 172, 532, 102, 772]","[386, 617, 219, 314, 302, 532, 163, 773]","[698, 594, 773, 142, 573, 132, 362, 117]","[126, 624, 135, 613, 388, 302, 223, 36]","[309, 375, 51, 348, 45, 396, 34, 456]","[624, 517, 75, 201, 468, 639, 679, 148]","[729, 582, 731, 699, 709, 536, 736, 682]"
36,"[143, 126, 212, 179, 159, 591, 317, 229]","[474, 504, 563, 708, 731, 209, 710, 632]","[437, 371, 549, 675, 3, 516, 557, 656]","[518, 116, 379, 580, 366, 389, 142, 551]","[533, 674, 83, 560, 793, 362, 73, 162]","[348, 468, 190, 642, 539, 368, 599, 49]","[18, 278, 713, 116, 582, 406, 569, 108]","[201, 148, 75, 682, 624, 517, 637, 684]","[699, 536, 119, 402, 778, 761, 108, 205]"
37,"[748, 797, 464, 390, 361, 386, 178, 456]","[339, 130, 478, 474, 212, 225, 193, 631]","[73, 69, 549, 675, 168, 315, 204, 720]","[773, 342, 477, 582, 417, 555, 332, 314]","[542, 609, 606, 674, 65, 582, 425, 793]","[279, 559, 375, 209, 195, 306, 722, 10]","[267, 266, 583, 175, 731, 73, 744, 10]","[201, 682, 624, 517, 728, 306, 763, 770]","[699, 625, 713, 669, 85, 178, 41, 490]"
38,"[105, 175, 30, 127, 39, 191, 536, 224]","[339, 478, 212, 348, 75, 776, 107, 421]","[583, 561, 549, 675, 225, 475, 187, 118]","[664, 602, 121, 140, 462, 314, 386, 744]","[582, 701, 142, 442, 367, 386, 354, 784]","[559, 291, 153, 694, 229, 623, 418, 587]","[582, 317, 380, 18, 224, 539, 491, 302]","[201, 682, 624, 361, 312, 454, 412, 268]","[523, 467, 51, 396, 386, 600, 148, 763]"
39,"[740, 436, 278, 793, 302, 65, 595, 295]","[202, 64, 419, 436, 348, 646, 115, 163]","[41, 604, 1, 90, 147, 585, 120, 89]","[678, 480, 7, 41, 744, 297, 585, 220]","[223, 142, 65, 725, 445, 562, 755, 742]","[539, 153, 569, 722, 312, 616, 522, 623]","[239, 581, 141, 725, 536, 439, 545, 348]","[201, 359, 119, 302, 468, 257, 28, 268]","[369, 361, 317, 157, 248, 108, 152, 7]"
40,"[268, 64, 339, 773, 793, 274, 454, 211]","[632, 743, 348, 2, 169, 792, 27, 157]","[688, 287, 146, 457, 138, 216, 571, 770]","[667, 617, 295, 784, 71, 142, 493, 83]","[119, 784, 660, 10, 674, 582, 401, 781]","[569, 539, 153, 616, 763, 679, 645, 517]","[85, 390, 630, 373, 729, 742, 463, 6]","[119, 268, 275, 320, 28, 331, 266, 25]","[295, 713, 748, 95, 658, 569, 18, 278]"
41,"[64, 568, 773, 706, 302, 644, 743, 142]","[500, 556, 606, 6, 72, 479, 125, 144]","[463, 374, 599, 115, 123, 128, 577, 517]","[295, 773, 285, 477, 618, 170, 462, 236]","[65, 773, 163, 354, 789, 389, 582, 725]","[541, 616, 539, 132, 284, 400, 149, 454]","[713, 463, 664, 159, 249, 380, 619, 126]","[266, 119, 268, 331, 673, 502, 28, 427]","[380, 116, 457, 111, 302, 6, 677, 581]"
42,"[135, 268, 504, 324, 374, 162, 125, 115]","[556, 610, 784, 500, 386, 125, 712, 39]","[463, 374, 599, 115, 509, 246, 577, 517]","[236, 163, 105, 263, 674, 317, 582, 509]","[41, 119, 342, 725, 772, 464, 737, 706]","[469, 122, 541, 200, 12, 284, 645, 728]","[658, 469, 707, 28, 463, 750, 119, 748]","[352, 427, 459, 386, 268, 28, 190, 740]","[390, 762, 392, 541, 10, 539, 402, 250]"
43,"[115, 439, 75, 574, 674, 768, 18, 356]","[556, 500, 270, 536, 783, 773, 526, 584]","[724, 515, 749, 224, 317, 199, 616, 231]","[261, 618, 582, 302, 387, 71, 168, 145]","[784, 464, 119, 737, 678, 145, 140, 462]","[458, 504, 505, 25, 481, 12, 375, 238]","[119, 361, 309, 103, 206, 421, 617, 295]","[459, 386, 500, 268, 595, 100, 348, 306]","[539, 627, 309, 554, 261, 224, 295, 72]"
44,"[339, 115, 740, 439, 268, 493, 772, 280]","[556, 627, 115, 438, 353, 392, 500, 333]","[433, 519, 152, 72, 774, 742, 643, 100]","[219, 725, 582, 724, 362, 471, 674, 701]","[796, 41, 464, 39, 755, 415, 370, 361]","[117, 361, 25, 481, 774, 221, 501, 438]","[171, 117, 80, 645, 374, 163, 243, 580]","[595, 375, 336, 554, 132, 499, 284, 221]","[539, 500, 627, 726, 361, 513, 467, 751]"
45,"[604, 463, 207, 310, 2, 115, 255, 7]","[509, 115, 493, 27, 404, 396, 504, 348]","[433, 548, 152, 72, 746, 573, 57, 100]","[362, 661, 559, 719, 278, 354, 582, 584]","[361, 41, 46, 755, 689, 580, 784, 644]","[604, 566, 119, 223, 412, 30, 538, 481]","[374, 38, 725, 178, 546, 191, 250, 493]","[554, 595, 273, 177, 774, 576, 636, 284]","[18, 185, 627, 361, 175, 261, 693, 551]"
46,"[163, 504, 457, 356, 527, 591, 490, 389]","[191, 96, 547, 748, 135, 13, 492, 142]","[557, 243, 387, 522, 667, 651, 339, 469]","[268, 725, 315, 572, 570, 415, 302, 2]","[713, 464, 264, 784, 331, 354, 445, 361]","[119, 456, 791, 105, 268, 441, 400, 200]","[93, 185, 392, 41, 87, 676, 374, 521]","[554, 337, 238, 212, 162, 398, 559, 302]","[463, 627, 302, 113, 740, 545, 154, 373]"
47,"[798, 412, 268, 24, 644, 53, 144, 125]","[152, 237, 545, 361, 70, 58, 316, 459]","[468, 259, 255, 630, 525, 39, 506, 64]","[396, 279, 706, 10, 696, 244, 415, 128]","[784, 41, 361, 442, 630, 547, 704, 731]","[473, 791, 119, 275, 456, 105, 501, 517]","[38, 111, 386, 299, 114, 163, 441, 669]","[173, 669, 580, 100, 85, 439, 122, 150]","[309, 248, 463, 7, 75, 50, 664, 163]"
48,"[415, 541, 707, 370, 784, 570, 243, 677]","[474, 381, 414, 341, 585, 457, 288, 85]","[171, 306, 255, 628, 581, 16, 515, 149]","[384, 669, 784, 114, 219, 793, 748, 302]","[731, 370, 147, 324, 545, 445, 773, 178]","[791, 517, 501, 645, 283, 604, 481, 499]","[467, 36, 541, 279, 737, 676, 402, 763]","[463, 214, 791, 187, 157, 416, 731, 538]","[187, 463, 375, 100, 580, 490, 87, 73]"
49,"[73, 541, 642, 450, 740, 354, 92, 503]","[475, 520, 236, 420, 774, 587, 454, 351]","[632, 62, 664, 613, 78, 317, 435, 320]","[401, 205, 708, 574, 279, 191, 466, 603]","[632, 341, 268, 272, 731, 773, 370, 674]","[791, 517, 604, 122, 645, 350, 613, 587]","[602, 6, 341, 324, 541, 725, 152, 454]","[791, 223, 463, 382, 236, 157, 127, 133]","[304, 463, 639, 6, 416, 554, 456, 731]"
50,"[438, 540, 354, 60, 630, 504, 419, 266]","[471, 41, 302, 442, 77, 796, 229, 51]","[577, 65, 721, 426, 767, 620, 683, 686]","[191, 171, 41, 119, 46, 793, 689, 696]","[295, 773, 384, 0, 532, 269, 192, 748]","[480, 645, 150, 657, 761, 628, 655, 646]","[7, 240, 537, 551, 700, 500, 782, 504]","[791, 291, 771, 187, 222, 157, 80, 599]","[201, 6, 112, 290, 556, 159, 553, 202]"
51,"[554, 607, 743, 170, 584, 710, 534, 418]","[6, 471, 554, 679, 71, 143, 274, 415]","[521, 452, 637, 431, 135, 471, 696, 196]","[174, 268, 734, 178, 467, 421, 445, 789]","[295, 114, 359, 755, 677, 731, 462, 790]","[356, 114, 151, 273, 781, 13, 85, 423]","[154, 367, 661, 741, 656, 457, 396, 563]","[791, 187, 80, 597, 319, 566, 401, 505]","[731, 38, 770, 257, 493, 299, 645, 187]"
52,"[176, 122, 483, 353, 799, 119, 520, 790]","[504, 201, 6, 456, 588, 65, 563, 278]","[521, 452, 637, 431, 791, 471, 696, 196]","[175, 317, 145, 583, 580, 108, 119, 443]","[452, 654, 269, 212, 268, 669, 223, 178]","[25, 105, 761, 647, 38, 19, 114, 657]","[500, 63, 72, 414, 428, 31, 490, 157]","[80, 401, 272, 223, 319, 418, 187, 676]","[187, 45, 791, 36, 51, 489, 375, 272]"
53,"[520, 399, 469, 737, 609, 463, 566, 539]","[266, 661, 38, 630, 471, 57, 665, 17]","[69, 423, 637, 318, 281, 401, 454, 222]","[353, 108, 471, 784, 467, 339, 295, 9]","[755, 73, 492, 310, 594, 159, 573, 452]","[62, 761, 114, 246, 277, 19, 500, 154]","[130, 243, 274, 75, 718, 627, 416, 108]","[272, 80, 34, 541, 224, 185, 500, 458]","[521, 556, 131, 201, 291, 130, 141, 459]"
54,"[287, 314, 302, 477, 780, 86, 719, 794]","[739, 595, 628, 86, 268, 474, 342, 41]","[604, 240, 637, 318, 180, 710, 259, 744]","[108, 533, 166, 323, 784, 423, 712, 41]","[97, 740, 212, 493, 178, 610, 263, 561]","[463, 154, 761, 171, 114, 343, 16, 193]","[291, 131, 711, 625, 674, 19, 740, 130]","[185, 151, 781, 365, 658, 98, 87, 582]","[7, 556, 439, 531, 616, 331, 201, 396]"
55,"[565, 314, 643, 117, 315, 416, 595, 510]","[739, 18, 268, 125, 433, 86, 261, 628]","[775, 582, 637, 318, 156, 277, 685, 754]","[731, 108, 33, 596, 622, 617, 464, 663]","[189, 423, 675, 178, 404, 262, 60, 787]","[390, 739, 382, 134, 505, 423, 314, 54]","[248, 693, 632, 6, 500, 108, 305, 261]","[541, 658, 500, 290, 350, 553, 610, 113]","[791, 383, 243, 295, 107, 556, 477, 609]"
56,"[366, 107, 739, 583, 86, 588, 133, 604]","[18, 433, 187, 314, 317, 11, 520, 471]","[339, 501, 637, 731, 459, 735, 273, 621]","[445, 85, 65, 464, 225, 410, 266, 415]","[791, 716, 255, 270, 224, 187, 428, 391]","[335, 246, 540, 669, 303, 504, 266, 348]","[395, 126, 102, 200, 751, 301, 512, 639]","[290, 202, 64, 500, 29, 154, 616, 10]","[206, 111, 414, 434, 656, 676, 407, 425]"
57,"[483, 122, 396, 309, 108, 492, 9, 737]","[187, 566, 774, 736, 773, 238, 263, 772]","[422, 406, 637, 731, 610, 10, 62, 621]","[572, 507, 321, 322, 442, 410, 543, 445]","[341, 696, 665, 574, 596, 113, 632, 507]","[266, 430, 520, 410, 236, 69, 29, 98]","[73, 674, 257, 584, 53, 651, 573, 466]","[202, 290, 400, 587, 616, 687, 154, 234]","[500, 569, 373, 243, 201, 689, 229, 22]"
58,"[348, 483, 414, 595, 627, 309, 38, 440]","[773, 402, 38, 109, 772, 41, 354, 187]","[658, 234, 175, 745, 5, 166, 467, 364]","[507, 341, 169, 428, 755, 649, 235, 421]","[507, 644, 280, 696, 797, 724, 757, 675]","[597, 657, 235, 595, 774, 640, 658, 458]","[716, 310, 674, 456, 682, 60, 148, 361]","[290, 400, 500, 616, 32, 776, 504, 225]","[563, 330, 668, 32, 191, 152, 604, 500]"
59,"[118, 791, 446, 573, 354, 57, 101, 233]","[617, 490, 541, 269, 314, 656, 798, 772]","[515, 71, 185, 160, 767, 452, 329, 498]","[445, 519, 60, 339, 772, 355, 206, 755]","[520, 644, 128, 339, 490, 740, 734, 255]","[459, 658, 657, 379, 208, 54, 789, 182]","[563, 361, 632, 195, 438, 261, 229, 348]","[32, 290, 500, 456, 64, 481, 458, 153]","[500, 52, 295, 330, 563, 438, 791, 573]"
60,"[789, 236, 219, 173, 443, 626, 108, 404]","[799, 645, 162, 529, 354, 114, 362, 675]","[758, 619, 185, 160, 150, 423, 126, 391]","[759, 41, 755, 654, 235, 244, 155, 723]","[280, 11, 740, 147, 520, 357, 631, 548]","[459, 595, 268, 331, 337, 54, 455, 698]","[602, 399, 290, 174, 632, 418, 714, 629]","[32, 456, 290, 117, 13, 162, 748, 229]","[500, 725, 51, 591, 413, 416, 4, 171]"
61,"[348, 463, 305, 652, 551, 314, 256, 712]","[604, 541, 696, 737, 207, 733, 704, 617]","[200, 719, 605, 38, 707, 331, 40, 767]","[790, 755, 772, 537, 7, 144, 385, 731]","[632, 644, 5, 431, 385, 454, 339, 438]","[268, 331, 458, 494, 576, 40, 758, 308]","[791, 606, 51, 280, 331, 754, 500, 773]","[290, 739, 36, 582, 196, 413, 151, 480]","[537, 126, 428, 395, 418, 130, 292, 179]"
62,"[661, 477, 109, 772, 463, 215, 647, 662]","[243, 279, 195, 9, 362, 635, 772, 713]","[394, 612, 350, 576, 587, 755, 15, 269]","[130, 755, 65, 570, 51, 421, 225, 452]","[632, 11, 506, 696, 543, 107, 687, 194]","[713, 202, 61, 268, 40, 14, 365, 234]","[436, 492, 651, 628, 525, 489, 45, 475]","[179, 722, 599, 582, 54, 604, 19, 321]","[249, 319, 735, 274, 636, 736, 180, 744]"
63,"[317, 348, 191, 635, 546, 105, 83, 352]","[73, 51, 737, 713, 226, 449, 438, 790]","[698, 325, 280, 425, 302, 755, 260, 539]","[342, 606, 178, 207, 267, 619, 30, 62]","[7, 410, 369, 239, 202, 632, 96, 216]","[268, 202, 510, 336, 73, 356, 234, 212]","[500, 632, 504, 643, 508, 398, 567, 542]","[582, 19, 689, 30, 604, 739, 713, 552]","[512, 695, 141, 374, 330, 126, 645, 671]"
64,"[596, 739, 321, 134, 314, 772, 718, 392]","[2, 686, 370, 266, 642, 138, 256, 743]","[779, 359, 435, 694, 164, 755, 260, 536]","[799, 704, 69, 411, 267, 640, 382, 443]","[185, 337, 301, 103, 754, 332, 749, 116]","[268, 439, 73, 352, 494, 455, 460, 739]","[553, 248, 295, 632, 791, 313, 121, 651]","[33, 604, 250, 645, 367, 605, 505, 582]","[32, 523, 141, 736, 93, 645, 700, 441]"
65,"[151, 201, 713, 471, 637, 381, 649, 774]","[60, 295, 314, 719, 573, 570, 249, 583]","[400, 691, 548, 786, 440, 755, 260, 520]","[640, 410, 17, 178, 471, 706, 791, 731]","[406, 467, 205, 267, 105, 756, 179, 262]","[302, 676, 289, 89, 159, 460, 33, 528]","[425, 295, 791, 191, 437, 570, 187, 462]","[250, 613, 645, 722, 698, 470, 328, 675]","[491, 795, 736, 591, 141, 504, 548, 288]"
66,"[113, 586, 38, 513, 440, 577, 303, 105]","[314, 287, 355, 53, 607, 595, 623, 586]","[595, 247, 799, 774, 665, 755, 593, 354]","[640, 410, 772, 61, 69, 398, 74, 761]","[196, 467, 343, 254, 379, 205, 191, 721]","[179, 689, 185, 403, 109, 371, 628, 753]","[556, 35, 187, 272, 554, 617, 31, 32]","[250, 774, 176, 328, 494, 645, 159, 655]","[35, 632, 581, 602, 619, 645, 279, 374]"
67,"[447, 348, 713, 696, 395, 513, 292, 358]","[260, 773, 462, 268, 772, 463, 595, 537]","[246, 247, 696, 660, 250, 755, 593, 4]","[410, 130, 69, 787, 269, 97, 268, 797]","[205, 7, 568, 621, 105, 27, 267, 502]","[498, 185, 404, 281, 289, 100, 249, 88]","[556, 19, 50, 100, 579, 628, 152, 512]","[250, 656, 196, 383, 645, 69, 18, 455]","[267, 427, 546, 183, 399, 740, 240, 499]"
68,"[452, 295, 361, 773, 45, 704, 610, 348]","[34, 463, 228, 729, 545, 483, 36, 595]","[211, 365, 279, 92, 282, 25, 622, 17]","[69, 396, 391, 11, 526, 482, 223, 561]","[502, 205, 518, 570, 287, 51, 105, 621]","[100, 281, 286, 196, 151, 500, 670, 567]","[545, 292, 202, 556, 762, 731, 31, 499]","[645, 360, 153, 521, 25, 587, 95, 504]","[581, 750, 437, 643, 740, 632, 624, 374]"
69,"[675, 772, 348, 470, 645, 529, 422, 261]","[463, 772, 423, 133, 503, 134, 757, 247]","[84, 787, 241, 581, 482, 25, 622, 673]","[196, 471, 573, 69, 504, 568, 370, 269]","[621, 597, 406, 152, 187, 294, 551, 374]","[670, 500, 329, 182, 54, 663, 748, 307]","[671, 627, 556, 446, 201, 512, 473, 372]","[521, 114, 613, 25, 125, 339, 351, 670]","[107, 762, 567, 645, 45, 737, 170, 545]"
70,"[342, 194, 295, 563, 276, 548, 741, 479]","[354, 51, 113, 463, 243, 104, 268, 324]","[20, 213, 477, 697, 143, 25, 622, 443]","[406, 96, 471, 268, 343, 635, 370, 688]","[597, 374, 541, 627, 268, 187, 577, 409]","[670, 500, 152, 420, 264, 532, 713, 169]","[187, 483, 383, 319, 51, 627, 774, 96]","[778, 580, 670, 361, 405, 114, 521, 339]","[194, 741, 737, 632, 579, 725, 508, 626]"
71,"[41, 84, 696, 294, 506, 5, 136, 728]","[419, 718, 580, 171, 130, 279, 440, 100]","[112, 764, 370, 791, 290, 25, 267, 207]","[431, 488, 370, 545, 178, 280, 444, 490]","[177, 686, 374, 553, 116, 183, 729, 107]","[670, 398, 289, 636, 500, 265, 605, 138]","[627, 731, 78, 111, 609, 194, 591, 330]","[521, 642, 562, 234, 246, 226, 313, 481]","[512, 270, 624, 69, 632, 682, 750, 250]"
72,"[41, 738, 563, 652, 119, 193, 65, 781]","[554, 419, 295, 159, 65, 72, 399, 790]","[783, 223, 582, 201, 157, 541, 284, 737]","[268, 577, 7, 53, 645, 630, 280, 342]","[706, 196, 410, 268, 541, 51, 477, 154]","[289, 84, 138, 295, 771, 582, 193, 656]","[381, 370, 288, 154, 758, 32, 616, 30]","[521, 702, 114, 404, 670, 12, 494, 423]","[525, 27, 28, 247, 427, 78, 392, 512]"
73,"[656, 279, 471, 711, 225, 36, 773, 654]","[65, 154, 791, 644, 197, 736, 72, 59]","[528, 223, 331, 180, 157, 541, 284, 776]","[176, 737, 686, 189, 268, 51, 173, 194]","[53, 477, 196, 55, 410, 456, 116, 795]","[272, 80, 738, 182, 500, 580, 744, 289]","[413, 16, 422, 115, 477, 168, 772, 774]","[361, 521, 481, 114, 54, 283, 647, 670]","[658, 512, 584, 107, 632, 525, 222, 19]"
74,"[375, 164, 471, 41, 773, 333, 157, 497]","[644, 72, 421, 297, 257, 736, 295, 233]","[92, 587, 234, 536, 142, 136, 723, 669]","[737, 436, 772, 178, 570, 31, 57, 5]","[268, 410, 116, 555, 383, 604, 346, 349]","[272, 80, 133, 125, 314, 182, 772, 738]","[459, 115, 795, 107, 504, 611, 736, 516]","[521, 745, 361, 481, 410, 54, 715, 329]","[348, 551, 27, 624, 604, 583, 78, 716]"
75,"[21, 164, 70, 249, 95, 65, 618, 119]","[590, 483, 554, 421, 130, 513, 321, 644]","[617, 302, 71, 154, 445, 293, 476, 417]","[780, 440, 707, 64, 288, 422, 349, 456]","[288, 439, 410, 55, 268, 700, 571, 724]","[80, 733, 290, 677, 738, 319, 367, 214]","[52, 512, 222, 586, 581, 407, 54, 722]","[225, 246, 138, 423, 515, 501, 54, 619]","[419, 341, 521, 531, 174, 53, 525, 504]"
76,"[164, 398, 471, 466, 130, 238, 243, 185]","[483, 421, 513, 65, 477, 652, 178, 377]","[283, 302, 145, 641, 445, 293, 476, 517]","[594, 262, 377, 462, 333, 413, 402, 772]","[439, 14, 534, 32, 64, 712, 471, 772]","[80, 290, 738, 319, 733, 671, 92, 515]","[726, 109, 210, 604, 626, 591, 551, 674]","[390, 264, 314, 657, 51, 49, 324, 751]","[19, 454, 525, 313, 782, 624, 675, 774]"
77,"[279, 260, 419, 706, 619, 675, 632, 637]","[789, 692, 675, 530, 701, 46, 609, 118]","[642, 440, 627, 788, 61, 462, 606, 443]","[743, 413, 540, 64, 658, 272, 644, 634]","[471, 472, 417, 62, 743, 537, 619, 772]","[290, 671, 738, 27, 733, 765, 677, 313]","[304, 773, 315, 737, 115, 280, 735, 651]","[51, 342, 138, 617, 501, 623, 193, 515]","[250, 392, 622, 231, 311, 521, 290, 72]"
78,"[537, 637, 686, 147, 130, 462, 402, 444]","[791, 619, 570, 108, 466, 250, 490, 527]","[281, 250, 104, 333, 361, 301, 137, 502]","[619, 346, 696, 73, 84, 324, 107, 783]","[471, 62, 33, 743, 302, 102, 94, 50]","[290, 671, 582, 182, 169, 524, 515, 27]","[311, 623, 573, 642, 209, 277, 270, 773]","[51, 156, 212, 559, 617, 693, 406, 623]","[250, 521, 622, 178, 707, 170, 284, 711]"
79,"[521, 214, 665, 250, 15, 671, 106, 148]","[583, 75, 370, 305, 107, 791, 45, 604]","[707, 747, 394, 248, 361, 480, 784, 207]","[743, 438, 627, 553, 738, 697, 107, 102]","[471, 32, 302, 480, 740, 87, 125, 415]","[290, 27, 553, 157, 515, 187, 175, 182]","[9, 69, 183, 635, 548, 654, 637, 107]","[171, 295, 395, 38, 182, 657, 428, 490]","[290, 786, 522, 521, 310, 279, 148, 682]"
80,"[632, 675, 499, 375, 232, 346, 519, 490]","[370, 577, 352, 462, 791, 213, 689, 341]","[270, 472, 779, 761, 361, 285, 266, 702]","[743, 751, 798, 264, 31, 183, 616, 11]","[471, 302, 211, 32, 166, 84, 761, 421]","[157, 290, 187, 177, 224, 582, 515, 182]","[115, 0, 689, 354, 773, 192, 155, 366]","[490, 324, 498, 109, 342, 14, 425, 711]","[544, 80, 190, 715, 25, 707, 290, 413]"
81,"[675, 617, 553, 182, 0, 567, 734, 694]","[730, 269, 632, 107, 573, 506, 0, 728]","[563, 692, 659, 584, 361, 795, 621, 249]","[621, 294, 136, 138, 772, 93, 541, 620]","[421, 302, 440, 470, 124, 792, 314, 382]","[157, 290, 187, 95, 196, 422, 706, 552]","[170, 115, 77, 772, 201, 200, 674, 570]","[342, 149, 27, 501, 295, 457, 308, 249]","[521, 707, 774, 360, 200, 154, 458, 348]"
82,"[675, 453, 2, 784, 617, 545, 425, 580]","[348, 269, 107, 152, 361, 428, 618, 696]","[354, 290, 127, 324, 726, 483, 473, 311]","[257, 541, 114, 621, 19, 59, 419, 604]","[470, 421, 278, 675, 349, 7, 395, 783]","[187, 515, 357, 32, 1, 582, 746, 341]","[314, 637, 492, 285, 115, 521, 178, 419]","[27, 392, 410, 438, 628, 302, 546, 122]","[619, 729, 676, 421, 348, 25, 629, 290]"
83,"[19, 644, 142, 106, 51, 590, 449, 275]","[627, 261, 431, 370, 758, 720, 632, 108]","[596, 225, 504, 411, 652, 442, 64, 333]","[185, 597, 775, 233, 92, 400, 671, 551]","[421, 314, 135, 414, 69, 419, 736, 235]","[32, 515, 413, 341, 582, 483, 772, 92]","[761, 231, 624, 348, 773, 530, 675, 170]","[27, 410, 632, 302, 392, 678, 314, 193]","[521, 197, 236, 446, 475, 80, 740, 570]"
84,"[114, 795, 639, 19, 675, 632, 290, 731]","[706, 341, 736, 456, 714, 260, 92, 108]","[580, 651, 115, 411, 652, 639, 678, 248]","[775, 262, 574, 19, 621, 46, 334, 310]","[69, 314, 675, 107, 707, 714, 235, 736]","[32, 341, 411, 546, 339, 620, 714, 564]","[358, 330, 521, 122, 404, 348, 452, 118]","[392, 546, 632, 53, 671, 140, 683, 731]","[290, 200, 180, 707, 675, 436, 194, 195]"
85,"[447, 421, 73, 361, 65, 621, 525, 152]","[341, 761, 84, 707, 261, 627, 746, 114]","[342, 123, 438, 272, 48, 706, 24, 663]","[115, 172, 228, 152, 644, 499, 590, 506]","[69, 314, 107, 185, 191, 109, 675, 574]","[546, 341, 714, 53, 393, 702, 90, 461]","[27, 122, 354, 651, 269, 581, 59, 138]","[713, 632, 546, 793, 736, 410, 341, 671]","[473, 69, 688, 28, 200, 80, 328, 118]"
86,"[447, 423, 142, 361, 363, 216, 658, 282]","[241, 624, 341, 784, 201, 19, 630, 577]","[142, 471, 426, 272, 220, 590, 126, 675]","[115, 31, 414, 795, 597, 320, 381, 187]","[115, 69, 376, 189, 622, 334, 206, 172]","[341, 59, 546, 349, 232, 411, 123, 181]","[624, 348, 330, 531, 427, 770, 360, 413]","[413, 632, 736, 731, 671, 487, 72, 73]","[290, 586, 675, 310, 28, 96, 504, 707]"
87,"[675, 45, 146, 170, 530, 500, 154, 155]","[241, 201, 341, 108, 224, 19, 131, 591]","[295, 75, 8, 538, 773, 733, 442, 324]","[106, 115, 500, 439, 647, 383, 191, 260]","[69, 115, 634, 184, 136, 261, 31, 693]","[557, 341, 232, 772, 242, 147, 681, 328]","[569, 645, 471, 211, 179, 554, 715, 543]","[632, 72, 402, 736, 793, 573, 761, 108]","[538, 458, 367, 573, 163, 722, 72, 348]"
88,"[441, 247, 682, 355, 336, 80, 428, 199]","[295, 741, 591, 348, 771, 446, 521, 415]","[445, 525, 682, 499, 489, 87, 701, 115]","[439, 115, 740, 693, 94, 14, 105, 632]","[173, 69, 651, 736, 115, 261, 402, 554]","[328, 752, 526, 772, 360, 82, 198, 123]","[624, 378, 416, 227, 434, 740, 178, 658]","[632, 677, 676, 736, 731, 16, 72, 196]","[69, 25, 602, 35, 9, 673, 604, 264]"
89,"[349, 637, 561, 280, 691, 91, 770, 200]","[255, 453, 676, 117, 548, 443, 324, 637]","[788, 78, 239, 523, 766, 93, 706, 72]","[740, 115, 105, 631, 227, 415, 329, 38]","[115, 761, 783, 688, 798, 651, 238, 93]","[487, 504, 720, 410, 526, 225, 772, 124]","[651, 521, 636, 200, 471, 570, 193, 624]","[206, 537, 73, 677, 277, 402, 72, 130]","[69, 773, 675, 700, 665, 462, 579, 421]"
90,"[71, 362, 370, 637, 676, 771, 750, 784]","[361, 178, 452, 658, 626, 738, 5, 102]","[327, 353, 170, 523, 666, 31, 512, 628]","[740, 38, 227, 199, 115, 504, 161, 107]","[798, 651, 115, 46, 772, 144, 396, 650]","[585, 410, 362, 559, 772, 526, 198, 641]","[526, 65, 107, 27, 637, 201, 772, 378]","[72, 295, 733, 341, 761, 607, 59, 362]","[729, 419, 742, 28, 458, 341, 221, 675]"
91,"[255, 539, 6, 370, 303, 142, 456, 227]","[214, 795, 361, 102, 95, 280, 360, 183]","[333, 707, 59, 294, 757, 316, 30, 731]","[504, 740, 193, 300, 650, 604, 154, 109]","[396, 798, 772, 31, 161, 125, 115, 413]","[425, 299, 232, 521, 204, 475, 198, 123]","[604, 201, 663, 483, 354, 521, 798, 373]","[467, 116, 289, 369, 761, 125, 583, 793]","[28, 157, 747, 663, 647, 483, 8, 407]"
92,"[644, 676, 516, 104, 637, 257, 227, 730]","[418, 415, 743, 644, 761, 178, 734, 464]","[761, 536, 464, 427, 490, 289, 416, 38]","[361, 147, 675, 626, 527, 796, 441, 596]","[413, 798, 651, 590, 125, 31, 685, 181]","[521, 778, 559, 68, 637, 3, 217, 396]","[736, 521, 98, 427, 69, 772, 637, 583]","[583, 295, 628, 467, 60, 130, 289, 793]","[398, 622, 616, 421, 675, 702, 650, 579]"
93,"[413, 637, 16, 94, 421, 168, 295, 385]","[280, 178, 114, 696, 516, 604, 685, 464]","[761, 563, 443, 427, 490, 631, 96, 682]","[361, 675, 450, 238, 251, 181, 604, 147]","[125, 59, 473, 114, 250, 202, 415, 667]","[521, 537, 82, 644, 776, 198, 106, 64]","[41, 182, 279, 665, 442, 590, 287, 167]","[108, 289, 718, 299, 567, 317, 526, 341]","[675, 725, 579, 674, 301, 280, 616, 155]"
94,"[108, 445, 732, 413, 236, 411, 685, 6]","[178, 280, 799, 391, 473, 476, 751, 120]","[675, 4, 6, 546, 227, 392, 793, 170]","[361, 675, 160, 16, 184, 98, 341, 500]","[275, 415, 229, 233, 770, 412, 711, 100]","[521, 339, 711, 631, 678, 204, 106, 210]","[521, 671, 442, 238, 619, 702, 645, 314]","[107, 341, 551, 545, 108, 761, 317, 307]","[675, 314, 306, 324, 422, 419, 671, 157]"
95,"[108, 473, 667, 272, 724, 228, 391, 325]","[784, 211, 649, 619, 384, 142, 462, 310]","[675, 139, 546, 227, 743, 63, 560, 384]","[361, 676, 714, 675, 637, 783, 632, 770]","[35, 469, 419, 320, 645, 626, 500, 504]","[521, 547, 204, 617, 212, 641, 351, 788]","[538, 178, 688, 686, 622, 316, 750, 736]","[107, 152, 551, 733, 35, 341, 716, 567]","[412, 246, 675, 516, 613, 594, 319, 328]"
96,"[567, 768, 783, 650, 120, 280, 142, 259]","[92, 783, 784, 142, 233, 770, 124, 627]","[115, 449, 546, 110, 41, 289, 464, 762]","[676, 675, 632, 685, 356, 729, 666, 91]","[500, 583, 647, 272, 381, 260, 126, 154]","[521, 381, 106, 511, 198, 631, 767, 508]","[125, 221, 54, 5, 761, 323, 544, 567]","[35, 341, 584, 663, 399, 289, 455, 107]","[246, 178, 209, 492, 348, 358, 761, 69]"
97,"[600, 477, 48, 611, 219, 269, 131, 557]","[750, 761, 601, 590, 650, 395, 627, 178]","[103, 377, 133, 321, 265, 167, 559, 674]","[675, 637, 356, 677, 418, 233, 419, 92]","[500, 609, 126, 630, 622, 645, 133, 80]","[521, 644, 715, 767, 364, 82, 769, 706]","[65, 712, 144, 328, 445, 798, 2, 264]","[289, 45, 515, 178, 508, 733, 493, 466]","[341, 178, 675, 238, 284, 570, 686, 733]"
98,"[178, 729, 570, 567, 79, 724, 532, 594]","[385, 574, 334, 244, 523, 398, 170, 142]","[451, 570, 195, 323, 102, 169, 517, 198]","[637, 675, 160, 473, 666, 483, 419, 761]","[500, 92, 651, 57, 251, 161, 675, 287]","[644, 767, 82, 742, 414, 364, 60, 318]","[458, 422, 480, 375, 114, 483, 559, 604]","[107, 7, 570, 205, 314, 545, 559, 515]","[178, 675, 381, 98, 341, 761, 588, 772]"
99,"[746, 618, 438, 71, 784, 52, 145, 557]","[101, 16, 662, 574, 452, 72, 368, 654]","[575, 442, 332, 94, 86, 623, 203, 609]","[637, 675, 483, 628, 461, 28, 293, 730]","[500, 651, 377, 675, 92, 341, 233, 499]","[419, 704, 593, 644, 55, 82, 637, 399]","[559, 747, 324, 421, 362, 509, 197, 519]","[422, 92, 622, 152, 314, 396, 570, 619]","[178, 341, 227, 677, 306, 348, 63, 350]"
100,"[124, 311, 755, 293, 139, 300, 462, 575]","[532, 667, 799, 236, 521, 647, 368, 311]","[464, 178, 439, 647, 130, 304, 621, 676]","[651, 637, 483, 249, 675, 520, 555, 187]","[500, 75, 526, 645, 675, 4, 171, 266]","[419, 745, 136, 349, 233, 318, 767, 725]","[412, 700, 740, 355, 180, 83, 567, 419]","[170, 622, 182, 92, 729, 515, 675, 661]","[468, 167, 761, 628, 125, 77, 407, 483]"
101,"[757, 6, 415, 669, 768, 751, 236, 452]","[663, 358, 671, 675, 645, 45, 643, 431]","[556, 330, 439, 600, 616, 603, 570, 28]","[637, 651, 675, 376, 447, 365, 80, 632]","[504, 228, 675, 333, 604, 40, 771, 697]","[419, 162, 108, 593, 509, 725, 233, 254]","[559, 789, 487, 740, 92, 244, 125, 11]","[622, 729, 515, 570, 239, 644, 45, 205]","[494, 16, 628, 637, 314, 468, 280, 694]"
102,"[640, 219, 476, 167, 430, 603, 675, 235]","[740, 194, 198, 207, 675, 476, 106, 780]","[559, 590, 708, 66, 604, 545, 54, 151]","[651, 637, 675, 520, 500, 216, 583, 632]","[27, 675, 791, 504, 624, 300, 450, 233]","[349, 233, 37, 788, 734, 703, 725, 573]","[675, 559, 447, 280, 779, 141, 645, 520]","[729, 348, 12, 7, 116, 524, 772, 720]","[314, 661, 548, 273, 122, 362, 559, 138]"
103,"[696, 784, 92, 640, 400, 443, 46, 184]","[349, 412, 363, 645, 71, 11, 422, 497]","[257, 733, 444, 288, 422, 187, 455, 140]","[651, 622, 160, 447, 206, 500, 700, 187]","[227, 220, 102, 733, 675, 730, 571, 72]","[233, 466, 162, 9, 349, 303, 152, 477]","[798, 559, 675, 28, 400, 314, 419, 55]","[7, 439, 738, 533, 362, 116, 414, 348]","[452, 341, 168, 324, 206, 548, 722, 314]"
104,"[784, 51, 580, 435, 124, 197, 593, 476]","[738, 675, 465, 106, 645, 740, 784, 201]","[377, 32, 50, 116, 300, 251, 512, 360]","[651, 771, 447, 500, 263, 4, 536, 336]","[227, 256, 249, 341, 220, 356, 447, 604]","[233, 300, 705, 440, 661, 697, 567, 259]","[468, 141, 798, 477, 613, 55, 650, 675]","[206, 191, 518, 279, 205, 174, 116, 738]","[605, 122, 289, 548, 760, 5, 594, 773]"
105,"[784, 251, 415, 296, 384, 377, 362, 663]","[784, 624, 233, 645, 675, 740, 733, 652]","[570, 31, 236, 229, 259, 184, 729, 49]","[476, 100, 651, 360, 514, 403, 739, 758]","[356, 214, 27, 795, 447, 341, 637, 160]","[557, 676, 683, 64, 527, 318, 607, 76]","[520, 314, 69, 616, 517, 125, 236, 733]","[205, 191, 675, 208, 475, 419, 526, 194]","[433, 773, 673, 466, 714, 789, 150, 501]"
106,"[236, 604, 241, 128, 145, 755, 35, 783]","[715, 233, 784, 128, 218, 675, 722, 553]","[448, 407, 236, 208, 65, 693, 588, 302]","[711, 290, 201, 516, 588, 611, 122, 649]","[637, 257, 649, 19, 447, 400, 761, 634]","[321, 206, 144, 251, 72, 259, 383, 318]","[647, 760, 468, 141, 675, 69, 708, 392]","[421, 191, 274, 675, 182, 327, 738, 358]","[570, 312, 72, 59, 305, 671, 795, 25]"
107,"[660, 720, 349, 722, 310, 20, 572, 464]","[403, 658, 168, 499, 385, 272, 184, 794]","[178, 631, 236, 500, 677, 280, 790, 186]","[104, 645, 728, 237, 761, 459, 349, 628]","[637, 106, 761, 791, 649, 556, 790, 799]","[72, 490, 428, 402, 38, 55, 184, 225]","[341, 616, 178, 453, 662, 227, 234, 79]","[721, 89, 742, 103, 406, 288, 40, 520]","[30, 623, 691, 559, 227, 72, 280, 109]"
108,"[69, 304, 601, 415, 675, 178, 341, 766]","[413, 136, 452, 60, 216, 194, 255, 233]","[178, 386, 236, 500, 582, 548, 32, 186]","[593, 733, 623, 331, 229, 587, 364, 233]","[91, 556, 240, 649, 169, 791, 637, 341]","[402, 72, 490, 51, 0, 559, 191, 83]","[675, 645, 786, 677, 65, 136, 442, 178]","[170, 675, 419, 126, 155, 227, 348, 602]","[60, 54, 211, 366, 720, 400, 587, 315]"
109,"[675, 297, 220, 452, 183, 189, 688, 422]","[276, 675, 413, 551, 724, 447, 146, 227]","[330, 739, 336, 108, 125, 27, 314, 190]","[122, 407, 521, 593, 591, 575, 40, 430]","[666, 637, 611, 527, 556, 19, 385, 796]","[72, 191, 506, 440, 125, 259, 394, 184]","[333, 588, 675, 787, 28, 4, 443, 65]","[93, 168, 738, 602, 675, 548, 782, 526]","[598, 546, 483, 559, 404, 452, 149, 519]"
110,"[675, 523, 370, 357, 107, 289, 616, 324]","[640, 447, 422, 694, 724, 594, 740, 731]","[729, 623, 91, 74, 268, 467, 289, 738]","[476, 591, 114, 630, 117, 649, 214, 111]","[666, 637, 28, 441, 160, 336, 590, 333]","[191, 72, 295, 401, 293, 675, 226, 26]","[28, 675, 310, 525, 415, 125, 720, 560]","[548, 744, 532, 738, 163, 440, 741, 664]","[480, 674, 54, 422, 673, 400, 487, 471]"
111,"[462, 69, 524, 465, 761, 262, 387, 403]","[79, 447, 48, 389, 603, 219, 510, 294]","[416, 736, 91, 699, 212, 370, 386, 290]","[198, 151, 702, 161, 649, 622, 645, 341]","[637, 94, 333, 403, 483, 193, 35, 377]","[401, 438, 406, 651, 394, 361, 81, 196]","[675, 92, 738, 233, 761, 69, 190, 644]","[548, 315, 795, 700, 403, 675, 573, 631]","[546, 269, 494, 635, 673, 611, 333, 517]"
112,"[796, 349, 640, 723, 69, 559, 74, 329]","[596, 548, 738, 263, 755, 551, 300, 637]","[588, 114, 91, 699, 51, 618, 392, 290]","[151, 218, 357, 465, 750, 240, 402, 220]","[650, 360, 702, 676, 521, 514, 405, 645]","[413, 211, 718, 635, 633, 696, 213, 279]","[675, 28, 477, 114, 525, 112, 236, 696]","[795, 548, 700, 50, 83, 675, 749, 483]","[115, 388, 114, 613, 492, 153, 102, 606]"
113,"[349, 559, 198, 178, 69, 40, 106, 100]","[738, 577, 28, 443, 94, 618, 675, 482]","[793, 545, 396, 679, 88, 406, 73, 580]","[151, 341, 642, 289, 198, 328, 114, 344]","[676, 516, 233, 796, 476, 483, 536, 96]","[327, 796, 184, 483, 146, 696, 659, 716]","[675, 69, 114, 525, 41, 452, 706, 445]","[675, 753, 357, 421, 516, 635, 9, 588]","[60, 54, 138, 12, 670, 40, 452, 567]"
114,"[559, 755, 169, 368, 573, 107, 622, 69]","[738, 327, 731, 443, 548, 603, 577, 425]","[314, 113, 396, 695, 659, 53, 494, 342]","[546, 341, 605, 259, 230, 318, 282, 213]","[104, 483, 114, 106, 233, 72, 335, 729]","[775, 476, 139, 69, 583, 796, 327, 788]","[695, 525, 294, 587, 362, 41, 246, 40]","[40, 380, 588, 758, 528, 286, 640, 147]","[354, 125, 54, 11, 114, 637, 193, 471]"
115,"[147, 559, 241, 507, 731, 69, 269, 178]","[577, 580, 346, 731, 548, 392, 676, 795]","[289, 577, 375, 488, 573, 51, 114, 445]","[335, 341, 736, 405, 768, 645, 261, 752]","[114, 385, 729, 106, 634, 587, 590, 733]","[610, 534, 81, 76, 796, 156, 744, 520]","[54, 710, 729, 547, 421, 668, 640, 534]","[675, 519, 381, 0, 471, 433, 657, 236]","[505, 83, 96, 234, 445, 277, 520, 153]"
116,"[559, 244, 677, 593, 178, 233, 240, 500]","[577, 219, 675, 83, 333, 94, 282, 650]","[526, 69, 375, 674, 147, 262, 187, 35]","[768, 624, 645, 125, 287, 427, 536, 272]","[752, 331, 623, 758, 290, 652, 556, 548]","[76, 358, 696, 227, 151, 269, 637, 293]","[594, 290, 445, 607, 48, 476, 60, 101]","[433, 235, 104, 446, 675, 41, 772, 182]","[41, 481, 559, 779, 285, 289, 433, 210]"
117,"[755, 574, 697, 445, 264, 603, 51, 475]","[577, 392, 331, 675, 624, 244, 139, 124]","[403, 11, 399, 373, 650, 779, 202, 327]","[125, 243, 768, 313, 261, 189, 590, 220]","[557, 546, 590, 591, 218, 645, 213, 652]","[675, 324, 178, 104, 140, 782, 76, 583]","[400, 263, 452, 11, 790, 172, 471, 723]","[772, 433, 265, 767, 163, 725, 740, 41]","[92, 69, 773, 599, 289, 362, 733, 172]"
118,"[235, 629, 572, 445, 775, 435, 570, 645]","[259, 336, 333, 375, 329, 624, 786, 250]","[494, 280, 487, 198, 783, 595, 577, 193]","[125, 243, 559, 677, 377, 54, 123, 385]","[510, 138, 352, 400, 349, 459, 394, 72]","[104, 324, 793, 199, 797, 601, 315, 176]","[577, 250, 729, 78, 557, 80, 157, 246]","[611, 182, 637, 477, 125, 559, 41, 725]","[526, 477, 455, 115, 11, 236, 730, 567]"
119,"[368, 114, 624, 98, 376, 755, 551, 181]","[250, 357, 575, 219, 525, 199, 167, 262]","[205, 799, 579, 0, 401, 689, 184, 761]","[125, 559, 106, 600, 736, 209, 761, 571]","[503, 739, 799, 430, 21, 628, 418, 247]","[477, 317, 235, 69, 618, 637, 484, 107]","[637, 421, 506, 644, 794, 694, 289, 25]","[460, 740, 772, 41, 737, 106, 725, 60]","[779, 520, 41, 125, 65, 559, 471, 477]"
120,"[735, 97, 482, 755, 620, 435, 260, 571]","[637, 303, 250, 259, 328, 697, 400, 596]","[204, 27, 579, 609, 525, 19, 775, 675]","[559, 412, 400, 94, 713, 233, 736, 284]","[72, 230, 349, 365, 628, 28, 590, 677]","[619, 426, 484, 282, 686, 575, 298, 410]","[471, 644, 2, 762, 255, 219, 306, 640]","[611, 182, 559, 740, 380, 254, 657, 69]","[11, 471, 355, 236, 114, 505, 125, 571]"
121,"[360, 218, 775, 517, 731, 572, 223, 581]","[377, 385, 155, 768, 611, 52, 514, 677]","[86, 65, 579, 676, 252, 650, 515, 504]","[713, 233, 720, 722, 394, 715, 658, 503]","[195, 364, 111, 328, 392, 433, 739, 733]","[484, 426, 730, 317, 121, 410, 130, 194]","[532, 696, 557, 637, 72, 707, 147, 772]","[688, 182, 460, 772, 631, 327, 236, 706]","[236, 29, 773, 234, 515, 41, 471, 403]"
122,"[623, 54, 605, 172, 222, 535, 761, 11]","[590, 260, 411, 69, 416, 236, 170, 637]","[130, 582, 579, 28, 707, 75, 460, 72]","[106, 325, 352, 232, 525, 146, 601, 624]","[548, 750, 658, 98, 282, 722, 111, 146]","[426, 295, 543, 296, 362, 446, 108, 590]","[194, 84, 471, 743, 35, 637, 458, 341]","[163, 374, 706, 772, 640, 125, 422, 172]","[481, 587, 203, 287, 316, 102, 31, 644]"
123,"[758, 187, 461, 291, 107, 394, 54, 190]","[755, 138, 349, 236, 590, 390, 732, 400]","[184, 484, 191, 589, 459, 722, 378, 124]","[559, 790, 260, 510, 746, 634, 639, 523]","[607, 548, 577, 433, 377, 588, 392, 593]","[18, 493, 590, 314, 741, 659, 108, 41]","[670, 772, 671, 447, 476, 618, 644, 527]","[557, 267, 789, 285, 380, 644, 106, 269]","[49, 779, 121, 780, 637, 530, 772, 114]"
124,"[555, 539, 715, 702, 76, 318, 624, 341]","[755, 700, 723, 227, 69, 142, 590, 649]","[11, 268, 191, 151, 245, 617, 566, 451]","[291, 590, 729, 763, 363, 35, 247, 799]","[54, 728, 259, 722, 616, 642, 326, 536]","[545, 405, 551, 675, 590, 314, 617, 230]","[346, 447, 458, 440, 370, 273, 757, 523]","[775, 280, 236, 421, 767, 557, 476, 773]","[481, 323, 637, 115, 674, 372, 657, 779]"
125,"[443, 500, 539, 445, 786, 89, 464, 632]","[755, 660, 637, 262, 74, 383, 620, 251]","[200, 212, 191, 151, 34, 189, 582, 649]","[590, 385, 75, 27, 796, 729, 795, 609]","[290, 40, 91, 344, 260, 329, 715, 593]","[41, 659, 601, 250, 470, 580, 107, 465]","[784, 706, 247, 370, 236, 524, 481, 571]","[730, 637, 477, 280, 421, 746, 765, 349]","[481, 733, 269, 89, 754, 147, 779, 31]"
126,"[539, 500, 328, 187, 421, 221, 779, 341]","[755, 445, 272, 69, 318, 624, 11, 35]","[460, 531, 535, 765, 413, 740, 464, 791]","[590, 670, 679, 671, 799, 186, 202, 333]","[775, 611, 732, 28, 575, 198, 289, 517]","[250, 41, 462, 664, 590, 783, 675, 435]","[236, 72, 319, 621, 157, 138, 189, 640]","[637, 106, 280, 744, 69, 714, 211, 452]","[758, 506, 430, 772, 115, 654, 738, 590]"
127,"[49, 327, 28, 464, 619, 468, 194, 161]","[35, 755, 519, 293, 80, 766, 111, 69]","[400, 44, 279, 458, 453, 420, 230, 261]","[27, 234, 732, 72, 377, 89, 460, 111]","[775, 75, 348, 250, 175, 91, 232, 431]","[250, 590, 45, 462, 174, 783, 41, 142]","[445, 546, 605, 303, 235, 269, 341, 730]","[349, 714, 411, 506, 181, 267, 637, 430]","[637, 640, 674, 517, 144, 650, 31, 543]"
128,"[46, 111, 263, 507, 273, 313, 341, 187]","[561, 262, 506, 69, 435, 637, 649, 445]","[225, 267, 370, 555, 657, 2, 21, 141]","[260, 796, 182, 767, 636, 150, 437, 231]","[160, 631, 199, 407, 720, 24, 123, 182]","[250, 334, 295, 421, 342, 448, 462, 617]","[743, 682, 445, 449, 148, 94, 780, 169]","[411, 169, 374, 178, 305, 419, 590, 349]","[637, 329, 599, 772, 455, 644, 354, 115]"
129,"[779, 445, 632, 587, 233, 736, 624, 500]","[97, 435, 20, 235, 69, 296, 637, 96]","[219, 723, 501, 581, 607, 2, 121, 250]","[511, 54, 557, 791, 15, 222, 634, 293]","[169, 291, 201, 554, 411, 605, 465, 738]","[285, 130, 665, 687, 448, 675, 206, 230]","[250, 691, 206, 603, 430, 775, 153, 219]","[69, 590, 136, 650, 217, 82, 374, 96]","[775, 651, 524, 104, 0, 772, 55, 644]"
130,"[624, 514, 723, 327, 731, 636, 583, 231]","[394, 106, 40, 435, 572, 290, 407, 775]","[471, 795, 161, 201, 553, 646, 524, 309]","[91, 624, 96, 557, 265, 131, 52, 201]","[738, 151, 554, 577, 363, 131, 670, 600]","[170, 675, 361, 712, 260, 302, 205, 448]","[388, 522, 49, 529, 8, 184, 411, 219]","[194, 790, 104, 96, 650, 590, 169, 88]","[354, 115, 269, 637, 704, 772, 674, 192]"
131,"[60, 779, 293, 11, 326, 234, 769, 780]","[649, 427, 775, 91, 90, 440, 289, 216]","[722, 773, 104, 539, 162, 263, 543, 788]","[134, 348, 633, 616, 556, 81, 290, 526]","[151, 577, 738, 80, 591, 290, 81, 746]","[7, 675, 302, 147, 632, 236, 415, 784]","[546, 531, 673, 622, 284, 392, 235, 455]","[452, 393, 492, 371, 178, 84, 102, 31]","[244, 775, 517, 92, 219, 706, 124, 515]"
132,"[111, 123, 284, 233, 259, 460, 726, 400]","[206, 100, 571, 622, 555, 688, 445, 333]","[189, 657, 216, 354, 116, 263, 518, 193]","[348, 521, 138, 54, 517, 524, 198, 102]","[151, 43, 577, 290, 89, 201, 122, 230]","[632, 731, 260, 675, 93, 415, 471, 145]","[104, 494, 124, 797, 701, 403, 775, 722]","[102, 637, 270, 590, 69, 232, 82, 349]","[706, 670, 94, 106, 509, 517, 476, 136]"
133,"[581, 434, 99, 260, 468, 114, 670, 262]","[349, 723, 445, 150, 313, 430, 189, 427]","[413, 109, 759, 108, 481, 82, 421, 142]","[348, 624, 722, 463, 521, 66, 54, 753]","[577, 122, 290, 201, 80, 616, 738, 186]","[632, 675, 406, 519, 415, 640, 260, 45]","[29, 341, 389, 734, 250, 697, 623, 312]","[69, 210, 462, 452, 644, 590, 790, 310]","[657, 169, 370, 697, 462, 534, 106, 501]"
134,"[753, 246, 66, 681, 322, 230, 736, 613]","[349, 517, 468, 232, 387, 461, 145, 594]","[520, 81, 19, 699, 481, 82, 124, 445]","[463, 348, 624, 197, 182, 671, 733, 750]","[290, 577, 636, 80, 627, 523, 325, 671]","[632, 675, 415, 103, 392, 731, 749, 267]","[72, 462, 20, 631, 596, 696, 25, 349]","[183, 310, 665, 178, 436, 146, 82, 633]","[40, 289, 228, 308, 588, 526, 780, 296]"
135,"[82, 630, 645, 703, 634, 72, 427, 373]","[145, 707, 147, 221, 157, 622, 293, 569]","[81, 123, 762, 481, 82, 556, 768, 162]","[463, 348, 221, 28, 198, 536, 682, 657]","[290, 201, 616, 318, 511, 157, 54, 601]","[632, 392, 675, 170, 79, 310, 674, 230]","[746, 25, 341, 350, 370, 72, 203, 752]","[767, 63, 123, 232, 483, 233, 644, 491]","[670, 147, 289, 462, 532, 445, 378, 651]"
136,"[341, 763, 736, 246, 319, 581, 364, 645]","[157, 222, 273, 605, 557, 707, 123, 46]","[554, 117, 198, 481, 82, 772, 731, 500]","[348, 463, 198, 455, 616, 494, 392, 259]","[293, 28, 104, 318, 182, 248, 627, 186]","[392, 632, 310, 205, 7, 48, 65, 2]","[25, 303, 724, 779, 572, 255, 357, 269]","[82, 492, 303, 178, 760, 167, 77, 233]","[445, 670, 460, 501, 65, 651, 235, 91]"
137,"[344, 333, 277, 150, 489, 385, 645, 621]","[507, 722, 89, 201, 80, 613, 303, 91]","[94, 525, 28, 99, 434, 784, 673, 108]","[327, 153, 556, 90, 631, 319, 495, 650]","[293, 559, 348, 750, 526, 259, 487, 459]","[7, 342, 205, 65, 369, 790, 385, 640]","[89, 724, 464, 594, 481, 70, 106, 497]","[686, 82, 462, 178, 767, 233, 26, 593]","[153, 651, 662, 145, 526, 182, 65, 644]"
138,"[200, 761, 538, 494, 233, 658, 767, 54]","[104, 796, 80, 161, 325, 147, 344, 621]","[611, 252, 492, 99, 718, 377, 502, 373]","[327, 373, 556, 611, 333, 72, 733, 248]","[559, 15, 28, 463, 328, 182, 624, 289]","[342, 270, 207, 205, 101, 573, 790, 65]","[74, 462, 353, 620, 54, 276, 613, 228]","[697, 184, 571, 233, 462, 269, 65, 703]","[84, 182, 618, 631, 445, 259, 590, 651]"
139,"[12, 596, 198, 594, 200, 75, 307, 3]","[80, 507, 494, 555, 181, 796, 111, 91]","[116, 707, 141, 99, 671, 448, 798, 28]","[625, 521, 556, 250, 668, 577, 613, 548]","[559, 463, 348, 437, 182, 601, 221, 318]","[507, 693, 467, 107, 562, 784, 442, 344]","[704, 213, 147, 296, 440, 334, 251, 233]","[123, 233, 232, 445, 640, 147, 674, 301]","[651, 445, 620, 12, 557, 265, 182, 590]"
140,"[331, 281, 54, 631, 248, 25, 81, 287]","[164, 376, 328, 640, 291, 729, 572, 259]","[500, 539, 164, 402, 714, 178, 784, 626]","[350, 526, 769, 521, 522, 515, 259, 80]","[559, 134, 348, 416, 463, 714, 327, 190]","[467, 168, 584, 11, 395, 385, 207, 20]","[707, 768, 649, 91, 603, 515, 743, 290]","[691, 123, 704, 593, 184, 461, 696, 11]","[65, 411, 94, 571, 712, 447, 169, 529]"
141,"[484, 25, 198, 521, 633, 202, 616, 515]","[164, 588, 521, 729, 669, 54, 572, 622]","[500, 261, 250, 402, 714, 547, 266, 492]","[153, 169, 703, 26, 448, 104, 333, 587]","[559, 416, 633, 411, 250, 463, 348, 774]","[107, 69, 227, 385, 784, 316, 731, 729]","[622, 423, 124, 97, 618, 120, 599, 685]","[184, 65, 773, 287, 303, 90, 281, 355]","[640, 182, 714, 476, 447, 631, 596, 442]"
142,"[25, 521, 705, 198, 203, 216, 78, 427]","[671, 589, 78, 164, 411, 702, 407, 524]","[674, 309, 286, 687, 574, 178, 164, 242]","[292, 521, 601, 411, 427, 72, 242, 394]","[774, 536, 671, 588, 52, 348, 184, 627]","[729, 287, 483, 274, 710, 622, 784, 65]","[150, 768, 180, 232, 290, 11, 574, 102]","[547, 534, 773, 55, 259, 477, 44, 734]","[753, 506, 657, 557, 182, 607, 603, 55]"
143,"[25, 198, 186, 495, 796, 799, 250, 350]","[220, 445, 521, 326, 169, 616, 290, 15]","[479, 421, 478, 551, 583, 314, 295, 312]","[72, 164, 266, 40, 326, 546, 673, 521]","[54, 198, 546, 668, 150, 627, 66, 767]","[729, 287, 760, 276, 464, 775, 348, 66]","[290, 526, 284, 707, 719, 333, 106, 153]","[773, 520, 696, 333, 344, 65, 527, 281]","[460, 235, 611, 74, 106, 411, 746, 634]"
144,"[621, 27, 536, 521, 589, 458, 511, 795]","[691, 640, 634, 639, 407, 312, 182, 189]","[601, 673, 478, 551, 153, 572, 768, 46]","[164, 460, 694, 190, 373, 153, 303, 182]","[259, 157, 624, 587, 198, 478, 707, 54]","[560, 348, 236, 125, 69, 784, 228, 736]","[766, 216, 780, 349, 707, 145, 290, 723]","[773, 333, 65, 571, 11, 55, 2, 269]","[79, 182, 389, 447, 547, 649, 263, 2]"
145,"[8, 522, 709, 411, 22, 521, 556, 609]","[172, 416, 521, 571, 611, 12, 232, 747]","[290, 772, 341, 497, 577, 194, 421, 351]","[164, 479, 478, 303, 230, 308, 78, 217]","[478, 546, 460, 198, 234, 624, 525, 373]","[736, 476, 533, 793, 442, 126, 445, 368]","[106, 768, 329, 784, 349, 411, 71, 128]","[471, 11, 333, 594, 354, 368, 651, 606]","[349, 145, 182, 657, 790, 208, 259, 244]"
146,"[437, 616, 377, 622, 536, 796, 26, 385]","[464, 223, 735, 234, 750, 763, 521, 235]","[333, 328, 341, 700, 548, 187, 559, 372]","[416, 3, 318, 91, 538, 393, 289, 149]","[624, 198, 526, 26, 461, 182, 289, 319]","[736, 793, 637, 74, 667, 737, 236, 688]","[233, 349, 779, 262, 259, 146, 799, 391]","[333, 654, 674, 372, 144, 471, 594, 511]","[590, 193, 723, 26, 738, 124, 90, 88]"
147,"[505, 668, 242, 671, 521, 625, 791, 657]","[536, 184, 464, 377, 460, 232, 733, 633]","[675, 319, 341, 700, 370, 69, 798, 462]","[416, 659, 567, 423, 328, 182, 307, 786]","[250, 230, 521, 455, 707, 679, 427, 289]","[736, 793, 637, 442, 784, 115, 186, 218]","[561, 368, 535, 572, 149, 593, 145, 779]","[564, 366, 476, 471, 142, 662, 696, 227]","[184, 378, 655, 572, 757, 357, 618, 453]"
148,"[265, 505, 312, 481, 613, 161, 506, 451]","[659, 322, 600, 616, 444, 536, 230, 161]","[649, 590, 341, 14, 484, 799, 784, 483]","[567, 34, 86, 246, 252, 290, 43, 577]","[521, 289, 517, 423, 707, 407, 182, 753]","[69, 551, 637, 51, 497, 674, 784, 186]","[244, 24, 139, 572, 385, 328, 290, 198]","[471, 775, 674, 543, 620, 145, 447, 445]","[633, 233, 723, 346, 461, 790, 189, 142]"
149,"[78, 458, 99, 27, 138, 392, 104, 272]","[629, 460, 364, 40, 769, 265, 726, 231]","[556, 348, 341, 355, 268, 378, 40, 220]","[567, 86, 246, 201, 431, 774, 186, 230]","[521, 318, 613, 364, 222, 707, 193, 90]","[674, 518, 757, 477, 622, 453, 58, 603]","[755, 96, 784, 80, 579, 753, 795, 682]","[323, 74, 674, 235, 780, 445, 757, 316]","[640, 333, 701, 738, 765, 104, 561, 590]"
150,"[455, 99, 262, 700, 261, 458, 259, 521]","[284, 671, 292, 459, 318, 240, 455, 264]","[559, 793, 341, 644, 80, 125, 512, 773]","[774, 252, 735, 318, 554, 484, 184, 201]","[659, 393, 522, 521, 234, 407, 703, 769]","[674, 570, 622, 239, 346, 491, 721, 137]","[415, 407, 376, 368, 660, 767, 233, 507]","[752, 445, 124, 287, 198, 121, 145, 213]","[685, 146, 142, 511, 603, 333, 283, 20]"
151,"[388, 671, 699, 526, 621, 799, 318, 590]","[26, 289, 526, 54, 182, 318, 198, 290]","[772, 572, 640, 748, 262, 268, 348, 657]","[318, 193, 49, 157, 68, 76, 546, 182]","[521, 557, 763, 265, 243, 184, 49, 643]","[674, 435, 301, 219, 51, 124, 155, 128]","[593, 259, 80, 297, 707, 327, 233, 633]","[674, 712, 192, 31, 723, 20, 1, 378]","[48, 738, 442, 213, 528, 232, 142, 798]"
152,"[649, 699, 779, 460, 590, 153, 587, 722]","[318, 304, 223, 539, 289, 526, 182, 468]","[798, 392, 640, 485, 276, 627, 380, 666]","[281, 234, 392, 481, 312, 12, 28, 182]","[694, 327, 243, 521, 394, 182, 625, 313]","[570, 794, 548, 572, 606, 577, 780, 535]","[142, 282, 220, 199, 104, 779, 327, 783]","[242, 385, 445, 37, 651, 259, 334, 228]","[621, 286, 515, 767, 527, 70, 2, 596]"
153,"[448, 779, 699, 649, 481, 204, 555, 223]","[539, 54, 198, 290, 521, 546, 289, 182]","[54, 202, 640, 18, 219, 262, 526, 769]","[32, 705, 762, 627, 28, 434, 548, 319]","[427, 623, 13, 460, 767, 81, 517, 232]","[548, 570, 577, 116, 163, 35, 374, 267]","[784, 621, 415, 265, 494, 673, 153, 207]","[5, 651, 603, 207, 719, 780, 368, 378]","[142, 181, 621, 440, 349, 515, 794, 333]"
154,"[750, 451, 649, 762, 68, 599, 556, 571]","[539, 54, 198, 289, 290, 546, 375, 182]","[348, 374, 7, 645, 214, 651, 205, 116]","[182, 681, 657, 88, 433, 82, 118, 455]","[232, 657, 524, 494, 517, 153, 762, 681]","[548, 35, 577, 588, 795, 116, 361, 163]","[784, 142, 415, 444, 207, 464, 667, 511]","[754, 115, 394, 447, 509, 198, 651, 276]","[142, 734, 198, 738, 515, 82, 263, 370]"
155,"[91, 72, 35, 220, 556, 290, 28, 201]","[539, 290, 234, 198, 557, 631, 307, 621]","[634, 477, 7, 645, 617, 138, 632, 500]","[599, 767, 82, 78, 791, 433, 613, 577]","[123, 231, 292, 484, 707, 78, 767, 76]","[548, 588, 795, 116, 577, 374, 163, 439]","[784, 555, 548, 12, 673, 481, 443, 308]","[204, 464, 621, 142, 799, 101, 259, 651]","[242, 303, 560, 233, 710, 101, 349, 696]"
156,"[217, 790, 433, 729, 569, 377, 556, 333]","[539, 290, 673, 593, 621, 707, 373, 634]","[407, 362, 7, 645, 201, 182, 521, 108]","[767, 577, 548, 250, 791, 82, 306, 298]","[495, 767, 639, 448, 298, 538, 494, 153]","[116, 374, 577, 167, 396, 125, 280, 422]","[650, 407, 784, 307, 714, 182, 590, 260]","[506, 204, 364, 244, 79, 394, 76, 641]","[515, 464, 577, 303, 703, 307, 37, 327]"
157,"[673, 393, 546, 319, 526, 182, 601, 373]","[634, 593, 753, 319, 767, 246, 621, 99]","[205, 268, 474, 46, 539, 767, 477, 198]","[767, 577, 563, 459, 426, 82, 388, 290]","[248, 307, 281, 312, 523, 308, 434, 242]","[577, 280, 602, 471, 44, 751, 611, 619]","[287, 394, 142, 137, 649, 46, 91, 590]","[667, 91, 68, 2, 354, 204, 81, 596]","[572, 370, 423, 204, 334, 219, 349, 393]"
158,"[149, 590, 546, 72, 622, 650, 102, 549]","[394, 567, 670, 193, 517, 186, 327, 511]","[632, 80, 474, 540, 707, 484, 28, 201]","[563, 577, 364, 738, 82, 201, 28, 148]","[12, 284, 515, 705, 123, 164, 281, 567]","[602, 611, 577, 280, 492, 700, 436, 433]","[634, 657, 505, 142, 611, 526, 234, 263]","[799, 603, 354, 346, 115, 577, 572, 621]","[593, 464, 184, 123, 287, 743, 128, 767]"
159,"[394, 153, 590, 548, 549, 481, 729, 448]","[567, 220, 601, 636, 350, 246, 659, 81]","[595, 376, 521, 458, 122, 636, 447, 261]","[652, 184, 714, 788, 250, 281, 623, 284]","[567, 164, 4, 118, 34, 247, 613, 3]","[433, 492, 700, 288, 323, 421, 740, 596]","[505, 590, 142, 40, 621, 460, 464, 26]","[219, 453, 364, 723, 296, 124, 440, 31]","[82, 572, 259, 621, 767, 184, 440, 564]"
160,"[245, 549, 72, 512, 333, 564, 112, 433]","[567, 451, 220, 319, 4, 512, 277, 230]","[651, 60, 410, 555, 366, 505, 771, 462]","[652, 657, 564, 528, 641, 286, 738, 659]","[567, 164, 569, 319, 197, 786, 248, 455]","[433, 471, 596, 380, 421, 102, 662, 333]","[435, 590, 94, 58, 783, 90, 755, 587]","[48, 370, 641, 577, 91, 788, 198, 426]","[82, 752, 423, 368, 464, 767, 91, 577]"
161,"[549, 110, 577, 230, 206, 512, 169, 318]","[625, 767, 49, 489, 190, 437, 707, 659]","[182, 681, 145, 269, 106, 505, 105, 773]","[368, 179, 180, 32, 110, 673, 232, 290]","[368, 82, 18, 682, 149, 673, 484, 350]","[102, 333, 421, 380, 799, 2, 377, 719]","[435, 318, 507, 300, 460, 506, 464, 703]","[577, 447, 596, 198, 788, 799, 651, 370]","[464, 82, 507, 442, 216, 232, 391, 318]"
162,"[308, 330, 659, 94, 318, 733, 234, 96]","[247, 599, 458, 330, 522, 28, 668, 451]","[791, 230, 51, 154, 671, 709, 334, 554]","[368, 764, 643, 22, 290, 738, 531, 707]","[18, 368, 764, 209, 670, 448, 515, 659]","[333, 740, 799, 178, 516, 50, 96, 514]","[598, 387, 548, 621, 289, 631, 433, 649]","[577, 198, 788, 370, 618, 300, 426, 318]","[593, 344, 82, 799, 649, 784, 370, 233]"
163,"[182, 512, 284, 501, 298, 767, 733, 220]","[248, 88, 484, 184, 82, 613, 703, 705]","[539, 106, 670, 533, 119, 163, 674, 657]","[290, 481, 588, 569, 738, 311, 494, 157]","[670, 311, 82, 659, 426, 153, 76, 657]","[96, 333, 594, 60, 799, 740, 372, 145]","[673, 435, 548, 88, 433, 344, 461, 198]","[710, 115, 577, 91, 318, 497, 142, 251]","[621, 217, 233, 189, 371, 232, 364, 484]"
164,"[29, 182, 261, 32, 544, 82, 641, 283]","[458, 707, 699, 28, 99, 330, 523, 581]","[106, 651, 307, 119, 163, 141, 611, 671]","[481, 8, 673, 1, 6, 407, 289, 544]","[670, 68, 448, 525, 426, 82, 78, 204]","[740, 142, 389, 685, 91, 542, 773, 183]","[443, 218, 306, 601, 184, 259, 71, 182]","[370, 94, 442, 294, 621, 76, 244, 769]","[219, 123, 507, 799, 719, 1, 364, 368]"
165,"[330, 634, 1, 230, 189, 657, 788, 208]","[458, 569, 200, 99, 581, 148, 330, 494]","[82, 471, 645, 119, 163, 295, 601, 644]","[6, 627, 481, 673, 579, 554, 204, 448]","[8, 515, 217, 284, 82, 525, 286, 481]","[91, 773, 353, 380, 452, 142, 618, 63]","[575, 755, 3, 649, 193, 333, 123, 12]","[115, 94, 318, 81, 529, 577, 426, 66]","[649, 798, 139, 796, 696, 743, 799, 123]"
166,"[531, 330, 512, 100, 481, 431, 88, 80]","[623, 565, 200, 81, 581, 364, 517, 699]","[644, 456, 483, 119, 291, 649, 295, 645]","[6, 375, 289, 487, 81, 112, 277, 530]","[82, 484, 525, 375, 388, 373, 682, 246]","[91, 178, 773, 194, 366, 650, 142, 471]","[755, 790, 181, 733, 481, 384, 260, 564]","[318, 115, 376, 142, 76, 577, 685, 484]","[577, 798, 91, 724, 444, 294, 768, 230]"
167,"[765, 232, 569, 611, 266, 634, 455, 281]","[28, 517, 66, 3, 200, 670, 78, 587]","[751, 674, 412, 567, 784, 559, 773, 725]","[375, 657, 289, 569, 309, 12, 765, 245]","[246, 375, 673, 525, 180, 110, 569, 657]","[650, 773, 178, 142, 447, 378, 452, 5]","[484, 733, 364, 796, 755, 393, 385, 574]","[189, 115, 796, 794, 385, 572, 705, 484]","[449, 649, 796, 743, 497, 535, 724, 660]"
168,"[673, 627, 392, 577, 306, 82, 459, 232]","[423, 28, 82, 434, 22, 495, 153, 25]","[554, 290, 474, 513, 194, 590, 141, 419]","[309, 232, 448, 123, 659, 517, 484, 29]","[515, 657, 306, 673, 148, 481, 564, 22]","[178, 773, 378, 452, 31, 24, 447, 192]","[377, 198, 333, 579, 281, 599, 514, 81]","[561, 142, 199, 798, 796, 444, 618, 189]","[198, 281, 255, 207, 634, 798, 542, 327]"
169,"[714, 791, 328, 673, 82, 767, 548, 28]","[123, 186, 455, 657, 25, 670, 230, 82]","[198, 649, 474, 513, 69, 205, 768, 419]","[123, 76, 788, 80, 599, 426, 515, 627]","[86, 515, 180, 245, 682, 599, 528, 88]","[31, 178, 571, 377, 370, 651, 305, 780]","[755, 596, 571, 796, 579, 216, 230, 394]","[572, 796, 3, 681, 207, 634, 385, 263]","[577, 58, 233, 797, 696, 708, 81, 667]"
170,"[201, 28, 673, 82, 40, 91, 554, 767]","[767, 670, 25, 281, 110, 657, 68, 762]","[556, 54, 703, 530, 779, 627, 798, 296]","[76, 204, 788, 627, 484, 707, 525, 407]","[86, 303, 579, 458, 673, 515, 1, 204]","[571, 370, 471, 768, 574, 31, 161, 377]","[670, 423, 738, 46, 385, 161, 184, 318]","[389, 560, 484, 263, 442, 293, 634, 797]","[198, 788, 207, 300, 3, 555, 376, 137]"
171,"[423, 448, 657, 182, 28, 201, 157, 286]","[153, 549, 767, 25, 448, 82, 481, 673]","[634, 410, 369, 725, 182, 651, 632, 230]","[76, 204, 248, 37, 670, 598, 474, 208]","[303, 458, 531, 426, 37, 371, 595, 76]","[370, 574, 115, 219, 447, 269, 161, 172]","[318, 796, 738, 82, 322, 68, 198, 670]","[634, 76, 798, 621, 743, 128, 724, 601]","[198, 641, 318, 796, 577, 681, 705, 204]"
172,"[182, 184, 707, 193, 657, 250, 290, 201]","[779, 538, 248, 699, 203, 123, 76, 549]","[521, 627, 33, 419, 182, 725, 274, 447]","[474, 655, 80, 641, 371, 501, 517, 283]","[595, 252, 458, 762, 112, 76, 788, 12]","[370, 262, 768, 529, 354, 435, 269, 115]","[161, 189, 318, 799, 482, 769, 705, 465]","[701, 708, 649, 219, 784, 724, 464, 542]","[297, 198, 204, 68, 555, 120, 577, 641]"
173,"[182, 528, 289, 426, 250, 248, 494, 791]","[779, 549, 673, 149, 393, 531, 242, 484]","[219, 447, 740, 182, 711, 625, 780, 122]","[474, 670, 515, 180, 707, 517, 682, 525]","[595, 252, 481, 544, 306, 501, 474, 599]","[651, 482, 115, 654, 754, 376, 294, 11]","[738, 577, 455, 588, 169, 262, 657, 232]","[649, 218, 442, 70, 449, 230, 535, 448]","[276, 788, 220, 216, 318, 435, 387, 577]"
174,"[123, 184, 599, 548, 659, 186, 290, 577]","[779, 673, 549, 281, 657, 515, 141, 682]","[269, 45, 670, 368, 415, 705, 18, 644]","[474, 707, 670, 306, 525, 515, 501, 523]","[595, 474, 481, 655, 531, 148, 204, 641]","[651, 768, 244, 11, 46, 263, 708, 691]","[738, 220, 242, 657, 286, 655, 377, 555]","[784, 768, 507, 798, 743, 555, 649, 464]","[784, 293, 81, 385, 435, 281, 755, 251]"
175,"[577, 123, 738, 598, 12, 659, 588, 484]","[779, 373, 512, 141, 484, 481, 641, 657]","[567, 182, 335, 415, 233, 675, 738, 368]","[707, 515, 248, 525, 489, 426, 501, 247]","[474, 735, 788, 765, 309, 598, 641, 215]","[263, 244, 115, 384, 46, 651, 506, 724]","[670, 501, 82, 767, 293, 220, 262, 91]","[649, 298, 555, 58, 443, 464, 659, 293]","[784, 435, 318, 482, 574, 76, 46, 768]"
176,"[577, 738, 290, 641, 37, 655, 32, 515]","[779, 141, 481, 12, 564, 695, 248, 709]","[567, 201, 562, 415, 233, 784, 772, 60]","[515, 762, 682, 4, 531, 148, 579, 699]","[309, 788, 283, 208, 579, 29, 530, 501]","[651, 354, 444, 701, 115, 94, 594, 355]","[217, 186, 517, 767, 283, 198, 293, 82]","[219, 743, 784, 787, 282, 798, 601, 574]","[784, 634, 415, 788, 394, 282, 46, 230]"
177,"[577, 579, 290, 623, 364, 157, 695, 738]","[448, 512, 481, 308, 76, 204, 525, 599]","[305, 738, 415, 233, 463, 634, 220, 668]","[699, 579, 18, 458, 200, 629, 273, 595]","[579, 277, 501, 563, 273, 6, 474, 629]","[94, 354, 464, 621, 77, 445, 724, 507]","[657, 232, 515, 123, 799, 634, 528, 281]","[297, 575, 443, 768, 216, 46, 507, 120]","[784, 426, 574, 218, 255, 199, 220, 443]"
178,"[290, 738, 627, 484, 371, 426, 180, 407]","[182, 306, 512, 82, 681, 217, 525, 153]","[772, 348, 602, 217, 80, 740, 784, 107]","[595, 18, 458, 200, 699, 513, 579, 747]","[6, 563, 579, 203, 468, 489, 549, 699]","[723, 572, 464, 297, 219, 449, 445, 798]","[182, 123, 515, 82, 634, 765, 371, 230]","[784, 230, 137, 448, 139, 220, 443, 255]","[784, 787, 24, 415, 353, 766, 394, 385]"
179,"[141, 627, 788, 501, 554, 289, 76, 80]","[448, 182, 284, 515, 525, 682, 579, 298]","[463, 410, 602, 303, 670, 779, 521, 105]","[595, 458, 200, 203, 505, 25, 513, 99]","[6, 468, 699, 549, 747, 513, 505, 200]","[255, 572, 464, 723, 445, 216, 603, 743]","[577, 182, 298, 767, 289, 681, 260, 517]","[784, 220, 482, 353, 216, 574, 659, 230]","[784, 768, 230, 161, 426, 97, 262, 220]"
180,"[141, 501, 627, 81, 407, 204, 788, 670]","[525, 112, 388, 682, 762, 765, 515, 426]","[125, 80, 508, 750, 458, 182, 303, 385]","[595, 505, 25, 99, 549, 241, 539, 304]","[699, 513, 200, 589, 581, 549, 505, 451]","[445, 322, 70, 216, 798, 766, 621, 71]","[66, 377, 230, 82, 577, 448, 182, 289]","[784, 768, 255, 465, 659, 46, 220, 97]","[484, 293, 385, 298, 415, 426, 66, 161]"
181,"[141, 707, 204, 682, 289, 248, 515, 76]","[505, 37, 788, 148, 8, 655, 544, 515]","[525, 780, 531, 233, 597, 275, 105, 107]","[99, 25, 549, 539, 241, 589, 215, 468]","[549, 200, 581, 451, 25, 304, 99, 779]","[743, 71, 649, 798, 443, 255, 387, 189]","[289, 182, 601, 577, 501, 208, 517, 659]","[784, 161, 391, 186, 448, 514, 387, 435]","[76, 601, 262, 484, 415, 443, 448, 755]"
182,"[141, 289, 517, 707, 76, 80, 525, 670]","[505, 515, 528, 76, 579, 788, 245, 371]","[750, 107, 597, 732, 675, 738, 641, 144]","[468, 25, 549, 539, 779, 581, 565, 695]","[779, 581, 25, 99, 241, 330, 565, 726]","[189, 649, 561, 634, 798, 621, 443, 220]","[577, 37, 641, 364, 426, 204, 788, 81]","[755, 660, 24, 161, 766, 435, 186, 260]","[76, 443, 601, 71, 769, 659, 448, 755]"
183,"[707, 670, 682, 180, 515, 525, 306, 517]","[788, 306, 515, 76, 641, 579, 204, 501]","[348, 410, 244, 233, 740, 385, 111, 77]","[549, 779, 581, 539, 451, 726, 512, 141]","[99, 25, 330, 241, 779, 695, 539, 141]","[634, 649, 621, 220, 443, 555, 743, 660]","[577, 515, 501, 448, 186, 788, 659, 204]","[435, 260, 415, 755, 783, 262, 377, 384]","[755, 76, 575, 659, 783, 448, 260, 322]"
184,"[707, 515, 523, 762, 525, 531, 4, 148]","[579, 141, 204, 501, 29, 598, 1, 531]","[564, 385, 670, 456, 734, 210, 45, 107]","[581, 779, 451, 539, 512, 141, 330, 709]","[25, 539, 330, 141, 779, 709, 512]","[634, 649, 555, 220, 97, 787, 391, 755]","[1, 448, 204, 515, 659, 76, 484, 641]","[415, 260, 755, 783, 377, 262, 71, 322]","[465, 755, 659, 514, 260, 384, 186, 377]"
185,"[515, 525, 517, 426, 247, 579]","[180, 426, 208, 501, 286, 283]","[125, 111, 410, 244, 507, 383, 675]","[330, 512, 779, 141]","[779, 539, 141, 512]","[755, 120, 262]","[484, 515, 426, 788, 76]","[415, 262, 755, 377, 71]","[755, 260, 262, 186, 377, 783, 71]"
186,[579],"[426, 180]",[507],"[330, 779, 512, 141]","[539, 512, 141]","[755, 262]","[426, 76]","[755, 415]",[377]
187,[579],,,,"[539, 512]",[755],[76],[755],
188,,,,,,[755],,,
189,,,,,,[755],,,
