fac_sex_female,fac_sex_male,fac_ses_lower,fac_ses_upper,fac_immigrant_no,fac_immigrant_yes,num_birthdate,fac_parish,time,event
0.0,1.0,1.0,0.0,1.0,0.0,1781.454,1.0,9.241999999999996,1
0.0,1.0,1.0,0.0,0.0,1.0,1821.35,1.0,3.539000000000001,0
0.0,1.0,1.0,0.0,0.0,1.0,1788.936,1.0,12.155,1
1.0,0.0,1.0,0.0,0.0,1.0,1796.219,1.0,15.141999999999996,1
0.0,1.0,1.0,0.0,0.0,1.0,1822.713,1.0,1.2800000000000011,0
1.0,0.0,1.0,0.0,0.0,1.0,1813.547,1.0,20.776,1
1.0,0.0,1.0,0.0,1.0,0.0,1800.72,1.0,30.0,0
1.0,0.0,1.0,0.0,1.0,0.0,1791.151,1.0,7.676000000000002,0
1.0,0.0,1.0,0.0,1.0,0.0,1807.296,1.0,9.534999999999997,0
1.0,0.0,1.0,0.0,0.0,1.0,1801.673,1.0,18.15600000000001,1
1.0,0.0,1.0,0.0,0.0,1.0,1791.422,1.0,30.0,0
0.0,1.0,1.0,0.0,1.0,0.0,1820.728,1.0,3.265000000000001,0
1.0,0.0,1.0,0.0,1.0,0.0,1826.215,1.0,18.616,0
0.0,1.0,1.0,0.0,0.0,1.0,1792.783,1.0,3.283999999999999,1
0.0,1.0,1.0,0.0,0.0,1.0,1807.992,1.0,10.816000000000004,0
0.0,1.0,1.0,0.0,0.0,1.0,1797.257,1.0,19.32,1
0.0,1.0,1.0,0.0,0.0,1.0,1781.311,1.0,26.422,1
0.0,1.0,1.0,0.0,0.0,1.0,1783.682,1.0,30.0,0
0.0,1.0,1.0,0.0,0.0,1.0,1781.123,1.0,30.0,0
0.0,1.0,1.0,0.0,1.0,0.0,1800.126,1.0,30.0,0
0.0,1.0,1.0,0.0,1.0,0.0,1787.102,1.0,26.966,1
0.0,1.0,0.0,1.0,0.0,1.0,1803.242,1.0,17.622,0
1.0,0.0,0.0,1.0,0.0,1.0,1819.592,1.0,1.2719999999999985,0
1.0,0.0,1.0,0.0,0.0,1.0,1781.251,1.0,8.970999999999997,1
0.0,1.0,1.0,0.0,0.0,1.0,1816.728,1.0,20.316000000000003,1
0.0,1.0,1.0,0.0,0.0,1.0,1816.86,1.0,7.133000000000003,0
1.0,0.0,1.0,0.0,0.0,1.0,1814.839,1.0,18.465000000000003,1
0.0,1.0,1.0,0.0,1.0,0.0,1800.036,1.0,22.723,1
0.0,1.0,1.0,0.0,0.0,1.0,1804.931,1.0,25.042,1
1.0,0.0,1.0,0.0,0.0,1.0,1801.06,1.0,9.127000000000002,1
1.0,0.0,1.0,0.0,0.0,1.0,1839.71,1.0,5.121000000000002,0
0.0,1.0,1.0,0.0,0.0,1.0,1802.253,1.0,17.962000000000003,1
1.0,0.0,1.0,0.0,1.0,0.0,1801.484,1.0,21.704,1
0.0,1.0,1.0,0.0,1.0,0.0,1808.838,1.0,23.514,1
0.0,1.0,1.0,0.0,0.0,1.0,1793.095,1.0,13.450000000000005,1
1.0,0.0,0.0,1.0,1.0,0.0,1786.324,1.0,15.5,0
1.0,0.0,1.0,0.0,0.0,1.0,1816.632,1.0,7.360999999999997,0
1.0,0.0,1.0,0.0,1.0,0.0,1803.22,1.0,30.0,0
0.0,1.0,1.0,0.0,0.0,1.0,1813.273,1.0,10.558999999999996,0
0.0,1.0,1.0,0.0,1.0,0.0,1798.155,1.0,21.097,1
0.0,1.0,1.0,0.0,0.0,1.0,1822.251,1.0,4.051000000000002,1
1.0,0.0,1.0,0.0,0.0,1.0,1779.745,1.0,29.379000000000005,1
0.0,1.0,1.0,0.0,0.0,1.0,1807.959,1.0,25.767,0
1.0,0.0,1.0,0.0,0.0,1.0,1812.843,1.0,20.883,0
0.0,1.0,1.0,0.0,0.0,1.0,1816.378,1.0,19.714,1
1.0,0.0,1.0,0.0,0.0,1.0,1819.628,1.0,4.366,0
1.0,0.0,1.0,0.0,1.0,0.0,1797.273,1.0,0.5519999999999996,0
0.0,1.0,1.0,0.0,1.0,0.0,1801.043,1.0,30.0,0
0.0,1.0,1.0,0.0,0.0,1.0,1790.825,1.0,30.0,0
1.0,0.0,1.0,0.0,1.0,0.0,1798.486,1.0,12.987000000000002,1
1.0,0.0,0.0,1.0,1.0,0.0,1798.034,1.0,6.679000000000002,1
0.0,1.0,1.0,0.0,0.0,1.0,1787.546,1.0,18.349999999999994,1
1.0,0.0,1.0,0.0,0.0,1.0,1798.998,1.0,25.03100000000001,1
0.0,1.0,0.0,1.0,0.0,1.0,1810.053,1.0,13.939999999999998,0
1.0,0.0,1.0,0.0,0.0,1.0,1825.446,1.0,9.880000000000004,1
1.0,0.0,1.0,0.0,0.0,1.0,1793.695,1.0,15.617999999999997,1
1.0,0.0,1.0,0.0,0.0,1.0,1815.154,1.0,22.575000000000003,1
0.0,1.0,1.0,0.0,0.0,1.0,1824.164,1.0,5.911999999999999,1
1.0,0.0,1.0,0.0,1.0,0.0,1807.414,1.0,1.4140000000000017,1
1.0,0.0,1.0,0.0,0.0,1.0,1820.635,1.0,6.170000000000002,1
0.0,1.0,1.0,0.0,1.0,0.0,1810.374,1.0,8.497,0
1.0,0.0,1.0,0.0,0.0,1.0,1816.868,1.0,2.003,0
0.0,1.0,1.0,0.0,0.0,1.0,1803.097,1.0,2.0219999999999985,1
1.0,0.0,0.0,1.0,0.0,1.0,1807.326,1.0,5.058,1
1.0,0.0,0.0,1.0,1.0,0.0,1823.291,1.0,0.7019999999999982,0
0.0,1.0,1.0,0.0,0.0,1.0,1814.946,1.0,5.832999999999998,0
1.0,0.0,1.0,0.0,0.0,1.0,1785.142,1.0,8.997999999999998,1
0.0,1.0,1.0,0.0,0.0,1.0,1818.177,1.0,18.898,1
0.0,1.0,1.0,0.0,0.0,1.0,1818.278,1.0,4.533000000000001,0
1.0,0.0,1.0,0.0,0.0,1.0,1819.02,1.0,3.790999999999997,0
1.0,0.0,1.0,0.0,1.0,0.0,1782.899,1.0,27.477999999999994,1
1.0,0.0,1.0,0.0,0.0,1.0,1789.41,1.0,5.591999999999999,1
0.0,1.0,1.0,0.0,0.0,1.0,1821.971,1.0,4.783999999999999,1
0.0,1.0,1.0,0.0,1.0,0.0,1785.739,1.0,11.970999999999997,1
0.0,1.0,0.0,1.0,0.0,1.0,1789.648,1.0,2.1779999999999973,0
1.0,0.0,0.0,1.0,0.0,1.0,1787.926,1.0,3.899999999999999,0
0.0,1.0,1.0,0.0,1.0,0.0,1795.231,1.0,15.558000000000009,1
1.0,0.0,1.0,0.0,0.0,1.0,1788.361,1.0,24.949,1
0.0,1.0,0.0,1.0,0.0,1.0,1811.882,1.0,19.949,0
0.0,1.0,0.0,1.0,0.0,1.0,1810.346,1.0,9.814,1
1.0,0.0,0.0,1.0,0.0,1.0,1809.708,1.0,24.352000000000004,1
0.0,1.0,1.0,0.0,0.0,1.0,1815.576,1.0,1.4279999999999973,1
0.0,1.0,1.0,0.0,1.0,0.0,1813.843,1.0,26.972,1
0.0,1.0,1.0,0.0,0.0,1.0,1810.305,1.0,13.688000000000002,0
1.0,0.0,1.0,0.0,1.0,0.0,1814.346,1.0,12.415,1
1.0,0.0,1.0,0.0,1.0,0.0,1781.164,1.0,16.680000000000007,1
0.0,1.0,1.0,0.0,0.0,1.0,1820.427,1.0,16.527,1
1.0,0.0,1.0,0.0,0.0,1.0,1822.913,1.0,1.0799999999999983,0
0.0,1.0,1.0,0.0,1.0,0.0,1810.341,1.0,3.4650000000000034,0
0.0,1.0,1.0,0.0,0.0,1.0,1787.48,1.0,9.662999999999997,1
1.0,0.0,1.0,0.0,0.0,1.0,1796.104,1.0,23.949,1
0.0,1.0,1.0,0.0,0.0,1.0,1822.434,1.0,4.146000000000001,1
0.0,1.0,1.0,0.0,0.0,1.0,1796.172,1.0,22.501000000000005,1
1.0,0.0,1.0,0.0,0.0,1.0,1795.504,1.0,6.500999999999998,1
0.0,1.0,1.0,0.0,1.0,0.0,1829.123,1.0,10.676000000000002,0
1.0,0.0,1.0,0.0,1.0,0.0,1821.558,1.0,2.4350000000000023,0
0.0,1.0,1.0,0.0,0.0,1.0,1843.239,1.0,1.5919999999999987,0
1.0,0.0,0.0,1.0,0.0,1.0,1839.047,1.0,5.783999999999999,0
0.0,1.0,1.0,0.0,0.0,1.0,1842.412,1.0,2.418999999999997,0
0.0,1.0,0.0,1.0,1.0,0.0,1827.537,1.0,5.3260000000000005,0
1.0,0.0,1.0,0.0,1.0,0.0,1832.608,1.0,0.2560000000000002,0
0.0,1.0,1.0,0.0,0.0,1.0,1792.085,1.0,22.422,1
1.0,0.0,1.0,0.0,0.0,1.0,1797.246,1.0,17.117999999999995,1
0.0,1.0,1.0,0.0,0.0,1.0,1828.383,1.0,11.749000000000002,1
0.0,1.0,1.0,0.0,0.0,1.0,1837.498,1.0,1.1920000000000002,0
0.0,1.0,1.0,0.0,0.0,1.0,1838.752,1.0,2.0900000000000034,0
0.0,1.0,1.0,0.0,0.0,1.0,1843.603,1.0,1.2280000000000015,0
1.0,0.0,1.0,0.0,0.0,1.0,1838.867,1.0,5.963999999999999,0
0.0,1.0,0.0,1.0,0.0,1.0,1825.024,1.0,6.712000000000003,0
1.0,0.0,1.0,0.0,0.0,1.0,1779.384,1.0,30.0,0
1.0,0.0,1.0,0.0,1.0,0.0,1809.202,1.0,30.0,0
0.0,1.0,1.0,0.0,0.0,1.0,1825.235,1.0,13.567,1
0.0,1.0,0.0,1.0,0.0,1.0,1840.706,1.0,4.125,0
1.0,0.0,0.0,1.0,0.0,1.0,1803.258,1.0,26.616,1
0.0,1.0,0.0,1.0,0.0,1.0,1793.309,1.0,11.347,1
1.0,0.0,1.0,0.0,0.0,1.0,1799.504,1.0,11.670000000000002,1
1.0,0.0,1.0,0.0,0.0,1.0,1798.338,1.0,26.89,1
0.0,1.0,1.0,0.0,0.0,1.0,1809.687,1.0,26.145,1
1.0,0.0,0.0,1.0,0.0,1.0,1803.491,1.0,30.0,0
1.0,0.0,1.0,0.0,0.0,1.0,1804.882,1.0,30.0,0
1.0,0.0,1.0,0.0,0.0,1.0,1837.93,1.0,6.901000000000003,0
1.0,0.0,1.0,0.0,0.0,1.0,1816.148,1.0,26.90600000000001,1
0.0,1.0,1.0,0.0,0.0,1.0,1809.969,1.0,5.780999999999999,0
1.0,0.0,1.0,0.0,0.0,1.0,1817.183,1.0,6.810000000000002,0
0.0,1.0,1.0,0.0,0.0,1.0,1810.678,1.0,27.751999999999995,1
1.0,0.0,1.0,0.0,0.0,1.0,1810.048,1.0,16.195999999999998,1
1.0,0.0,1.0,0.0,0.0,1.0,1818.752,1.0,12.256,0
1.0,0.0,1.0,0.0,0.0,1.0,1814.856,1.0,21.524,1
1.0,0.0,1.0,0.0,0.0,1.0,1816.329,1.0,5.896000000000001,0
1.0,0.0,1.0,0.0,0.0,1.0,1835.129,1.0,9.701999999999998,0
0.0,1.0,1.0,0.0,0.0,1.0,1814.333,2.0,25.948,1
1.0,0.0,0.0,1.0,1.0,0.0,1805.64,2.0,8.436999999999998,1
1.0,0.0,1.0,0.0,0.0,1.0,1800.769,2.0,11.235,1
0.0,1.0,1.0,0.0,0.0,1.0,1801.916,2.0,20.136,1
1.0,0.0,1.0,0.0,0.0,1.0,1808.471,2.0,21.696,1
1.0,0.0,1.0,0.0,1.0,0.0,1789.708,2.0,9.086,1
1.0,0.0,1.0,0.0,1.0,0.0,1798.322,2.0,30.0,0
1.0,0.0,1.0,0.0,1.0,0.0,1789.046,2.0,4.856000000000002,1
1.0,0.0,1.0,0.0,1.0,0.0,1839.713,2.0,5.176000000000002,0
1.0,0.0,0.0,1.0,1.0,0.0,1790.368,2.0,1.258000000000003,1
0.0,1.0,1.0,0.0,1.0,0.0,1792.997,2.0,12.125,1
1.0,0.0,1.0,0.0,0.0,1.0,1801.002,2.0,3.4129999999999967,1
1.0,0.0,1.0,0.0,1.0,0.0,1795.77,2.0,27.914,1
0.0,1.0,1.0,0.0,0.0,1.0,1807.138,2.0,0.8560000000000016,1
0.0,1.0,1.0,0.0,0.0,1.0,1784.474,2.0,4.305,1
1.0,0.0,1.0,0.0,0.0,1.0,1785.648,2.0,6.536999999999999,1
1.0,0.0,0.0,1.0,0.0,1.0,1795.253,2.0,13.584000000000003,1
1.0,0.0,1.0,0.0,0.0,1.0,1830.609,2.0,14.221999999999994,0
0.0,1.0,1.0,0.0,1.0,0.0,1782.204,2.0,3.970999999999997,1
1.0,0.0,1.0,0.0,0.0,1.0,1812.701,2.0,28.667,1
0.0,1.0,1.0,0.0,0.0,1.0,1825.465,2.0,17.739999999999995,0
0.0,1.0,1.0,0.0,1.0,0.0,1801.867,2.0,25.370000000000005,1
1.0,0.0,1.0,0.0,0.0,1.0,1783.732,2.0,0.0940000000000012,0
0.0,1.0,0.0,1.0,0.0,1.0,1791.247,2.0,4.655999999999999,1
1.0,0.0,0.0,1.0,0.0,1.0,1799.211,2.0,2.9279999999999973,1
0.0,1.0,1.0,0.0,0.0,1.0,1810.22,2.0,3.603999999999999,0
1.0,0.0,1.0,0.0,0.0,1.0,1780.252,2.0,9.006,1
1.0,0.0,1.0,0.0,0.0,1.0,1781.311,2.0,0.4040000000000034,1
0.0,1.0,1.0,0.0,0.0,1.0,1810.669,2.0,25.899,0
1.0,0.0,1.0,0.0,0.0,1.0,1809.139,2.0,27.429,0
0.0,1.0,1.0,0.0,0.0,1.0,1801.667,2.0,15.706000000000005,1
1.0,0.0,1.0,0.0,0.0,1.0,1835.45,2.0,2.369999999999997,0
0.0,1.0,1.0,0.0,0.0,1.0,1803.379,2.0,4.448,0
0.0,1.0,1.0,0.0,0.0,1.0,1787.34,2.0,4.942999999999998,1
0.0,1.0,1.0,0.0,1.0,0.0,1815.387,2.0,8.081000000000003,1
0.0,1.0,1.0,0.0,0.0,1.0,1784.099,2.0,30.0,0
1.0,0.0,1.0,0.0,0.0,1.0,1785.339,2.0,23.807,1
0.0,1.0,1.0,0.0,1.0,0.0,1843.34,2.0,1.4909999999999997,0
0.0,1.0,1.0,0.0,0.0,1.0,1816.986,2.0,8.798000000000002,1
0.0,1.0,1.0,0.0,0.0,1.0,1799.143,2.0,14.757999999999996,1
1.0,0.0,1.0,0.0,0.0,1.0,1800.679,2.0,7.073,1
1.0,0.0,0.0,1.0,1.0,0.0,1788.517,2.0,23.925,1
0.0,1.0,1.0,0.0,0.0,1.0,1823.409,2.0,7.933,1
0.0,1.0,1.0,0.0,0.0,1.0,1831.461,2.0,11.896999999999998,1
0.0,1.0,1.0,0.0,0.0,1.0,1801.161,2.0,18.096000000000004,0
1.0,0.0,1.0,0.0,0.0,1.0,1804.367,2.0,14.89,0
0.0,1.0,1.0,0.0,0.0,1.0,1799.239,2.0,8.883000000000003,1
1.0,0.0,1.0,0.0,0.0,1.0,1794.675,2.0,30.0,0
1.0,0.0,1.0,0.0,0.0,1.0,1783.871,2.0,30.0,0
1.0,0.0,1.0,0.0,0.0,1.0,1799.376,2.0,19.298,1
0.0,1.0,1.0,0.0,0.0,1.0,1818.762,2.0,7.045999999999999,0
0.0,1.0,1.0,0.0,0.0,1.0,1827.384,2.0,16.447999999999993,0
1.0,0.0,1.0,0.0,1.0,0.0,1826.127,2.0,18.704,0
1.0,0.0,1.0,0.0,0.0,1.0,1810.324,2.0,30.0,0
0.0,1.0,1.0,0.0,0.0,1.0,1806.916,2.0,18.216,1
1.0,0.0,1.0,0.0,0.0,1.0,1810.037,2.0,27.051,1
1.0,0.0,1.0,0.0,0.0,1.0,1820.183,2.0,16.108000000000004,1
0.0,1.0,0.0,1.0,0.0,1.0,1815.236,2.0,14.114999999999997,1
0.0,1.0,1.0,0.0,0.0,1.0,1810.557,2.0,17.869,1
1.0,0.0,1.0,0.0,0.0,1.0,1785.585,2.0,20.239999999999995,0
0.0,1.0,0.0,1.0,1.0,0.0,1789.607,2.0,10.771999999999998,1
0.0,1.0,1.0,0.0,0.0,1.0,1809.035,2.0,5.287999999999997,0
1.0,0.0,1.0,0.0,0.0,1.0,1785.5,2.0,26.693,1
1.0,0.0,1.0,0.0,0.0,1.0,1785.979,2.0,1.4140000000000017,1
0.0,1.0,1.0,0.0,0.0,1.0,1784.821,2.0,12.485999999999995,1
1.0,0.0,0.0,1.0,0.0,1.0,1810.056,2.0,17.595,1
0.0,1.0,0.0,1.0,0.0,1.0,1803.086,2.0,26.870999999999995,1
0.0,1.0,1.0,0.0,0.0,1.0,1819.978,2.0,0.7760000000000034,1
0.0,1.0,0.0,1.0,0.0,1.0,1795.975,2.0,11.659,1
0.0,1.0,0.0,1.0,1.0,0.0,1805.752,2.0,0.081000000000003,1
0.0,1.0,1.0,0.0,0.0,1.0,1811.83,2.0,18.079,1
1.0,0.0,1.0,0.0,0.0,1.0,1801.123,2.0,11.807000000000002,1
0.0,1.0,1.0,0.0,0.0,1.0,1811.995,2.0,30.0,0
1.0,0.0,1.0,0.0,0.0,1.0,1817.892,2.0,15.057000000000002,1
0.0,1.0,1.0,0.0,0.0,1.0,1809.087,2.0,10.520000000000003,1
0.0,1.0,1.0,0.0,0.0,1.0,1825.366,2.0,7.119999999999997,1
1.0,0.0,1.0,0.0,0.0,1.0,1823.83,2.0,12.71,1
1.0,0.0,0.0,1.0,0.0,1.0,1781.281,2.0,3.543999999999997,0
0.0,1.0,1.0,0.0,0.0,1.0,1781.12,2.0,30.0,0
1.0,0.0,1.0,0.0,0.0,1.0,1808.063,2.0,30.0,0
1.0,0.0,1.0,0.0,0.0,1.0,1782.667,2.0,16.504999999999995,1
1.0,0.0,1.0,0.0,0.0,1.0,1792.235,2.0,16.099999999999994,1
1.0,0.0,1.0,0.0,0.0,1.0,1799.05,2.0,9.183999999999996,1
0.0,1.0,1.0,0.0,0.0,1.0,1794.762,2.0,11.421,1
0.0,1.0,1.0,0.0,0.0,1.0,1783.368,2.0,5.581000000000003,1
1.0,0.0,1.0,0.0,0.0,1.0,1784.172,2.0,4.723999999999997,1
1.0,0.0,1.0,0.0,1.0,0.0,1809.139,2.0,11.143999999999998,1
0.0,1.0,1.0,0.0,0.0,1.0,1787.444,2.0,12.415,1
1.0,0.0,1.0,0.0,0.0,1.0,1795.614,2.0,19.473,1
0.0,1.0,0.0,1.0,1.0,0.0,1806.297,2.0,19.108999999999995,1
1.0,0.0,1.0,0.0,0.0,1.0,1808.843,2.0,30.0,0
1.0,0.0,1.0,0.0,1.0,0.0,1815.157,2.0,24.157,1
0.0,1.0,1.0,0.0,0.0,1.0,1816.895,2.0,1.0970000000000013,0
1.0,0.0,1.0,0.0,0.0,1.0,1802.99,2.0,26.936000000000007,1
0.0,1.0,1.0,0.0,0.0,1.0,1812.14,2.0,5.851999999999997,0
0.0,1.0,1.0,0.0,0.0,1.0,1802.201,2.0,1.4720000000000013,1
1.0,0.0,1.0,0.0,0.0,1.0,1806.538,2.0,18.693,1
0.0,1.0,1.0,0.0,0.0,1.0,1787.201,2.0,11.279000000000003,1
0.0,1.0,1.0,0.0,0.0,1.0,1817.394,2.0,0.597999999999999,0
1.0,0.0,1.0,0.0,0.0,1.0,1821.175,2.0,11.976999999999997,1
1.0,0.0,1.0,0.0,0.0,1.0,1790.836,2.0,24.938,0
1.0,0.0,1.0,0.0,0.0,1.0,1793.78,2.0,11.938000000000002,1
0.0,1.0,1.0,0.0,1.0,0.0,1780.2,2.0,24.533,1
1.0,0.0,1.0,0.0,1.0,0.0,1780.928,2.0,18.928,1
0.0,1.0,1.0,0.0,1.0,0.0,1812.353,2.0,7.905999999999999,1
1.0,0.0,1.0,0.0,1.0,0.0,1781.062,2.0,24.111000000000004,1
1.0,0.0,1.0,0.0,1.0,0.0,1786.073,2.0,3.136000000000003,1
1.0,0.0,1.0,0.0,0.0,1.0,1801.914,2.0,7.317,1
0.0,1.0,1.0,0.0,1.0,0.0,1792.099,2.0,22.036,1
0.0,1.0,1.0,0.0,0.0,1.0,1786.664,2.0,30.0,0
1.0,0.0,0.0,1.0,0.0,1.0,1822.415,2.0,6.079000000000001,0
0.0,1.0,0.0,1.0,0.0,1.0,1842.886,2.0,1.9450000000000005,0
0.0,1.0,1.0,0.0,0.0,1.0,1784.999,2.0,30.0,0
1.0,0.0,1.0,0.0,0.0,1.0,1799.283,2.0,30.0,0
0.0,1.0,1.0,0.0,0.0,1.0,1829.722,2.0,8.71,1
1.0,0.0,1.0,0.0,0.0,1.0,1840.287,2.0,4.542999999999999,0
0.0,1.0,0.0,1.0,0.0,1.0,1805.908,2.0,30.0,0
1.0,0.0,1.0,0.0,0.0,1.0,1814.163,2.0,25.22,1
1.0,0.0,1.0,0.0,0.0,1.0,1834.508,2.0,10.323,0
1.0,0.0,1.0,0.0,0.0,1.0,1826.842,2.0,17.989000000000004,0
1.0,0.0,0.0,1.0,0.0,1.0,1837.749,2.0,7.081000000000003,0
0.0,1.0,1.0,0.0,0.0,1.0,1830.215,2.0,14.635000000000003,0
0.0,1.0,1.0,0.0,0.0,1.0,1815.718,2.0,29.113,0
1.0,0.0,1.0,0.0,0.0,1.0,1829.484,2.0,14.717,1
0.0,1.0,1.0,0.0,0.0,1.0,1828.485,2.0,16.403999999999996,1
0.0,1.0,1.0,0.0,0.0,1.0,1844.49,2.0,0.3410000000000011,0
0.0,1.0,1.0,0.0,0.0,1.0,1830.522,2.0,14.308999999999996,0
0.0,1.0,1.0,0.0,0.0,1.0,1822.398,2.0,0.4089999999999989,0
0.0,1.0,1.0,0.0,0.0,1.0,1839.242,2.0,5.588999999999999,0
0.0,1.0,0.0,1.0,0.0,1.0,1799.299,2.0,30.0,0
1.0,0.0,0.0,1.0,0.0,1.0,1807.34,2.0,27.001999999999995,1
1.0,0.0,0.0,1.0,0.0,1.0,1821.049,2.0,19.010000000000005,1
1.0,0.0,1.0,0.0,0.0,1.0,1841.396,2.0,3.4350000000000023,0
0.0,1.0,1.0,0.0,0.0,1.0,1840.956,2.0,3.875,0
1.0,0.0,1.0,0.0,0.0,1.0,1844.389,2.0,0.4420000000000001,0
0.0,1.0,0.0,1.0,0.0,1.0,1837.654,2.0,3.2180000000000035,0
1.0,0.0,1.0,0.0,0.0,1.0,1842.776,2.0,0.671999999999997,1
0.0,1.0,1.0,0.0,0.0,1.0,1837.199,2.0,7.631999999999998,0
0.0,1.0,1.0,0.0,0.0,1.0,1810.754,2.0,22.123000000000005,1
0.0,1.0,1.0,0.0,0.0,1.0,1781.673,2.0,27.394000000000005,1
0.0,1.0,0.0,1.0,0.0,1.0,1792.46,2.0,2.4570000000000007,1
1.0,0.0,1.0,0.0,0.0,1.0,1815.948,2.0,27.257000000000005,1
1.0,0.0,1.0,0.0,0.0,1.0,1814.138,2.0,4.642000000000003,0
1.0,0.0,1.0,0.0,1.0,0.0,1828.244,3.0,11.621000000000002,0
0.0,1.0,1.0,0.0,1.0,0.0,1836.025,3.0,8.805999999999997,0
1.0,0.0,1.0,0.0,0.0,1.0,1815.247,3.0,25.329,1
0.0,1.0,1.0,0.0,0.0,1.0,1784.022,3.0,5.253,1
1.0,0.0,1.0,0.0,0.0,1.0,1817.235,3.0,0.7569999999999979,0
0.0,1.0,0.0,1.0,1.0,0.0,1773.654,3.0,12.281,1
0.0,1.0,1.0,0.0,1.0,0.0,1782.872,3.0,6.810000000000002,1
1.0,0.0,1.0,0.0,0.0,1.0,1796.559,3.0,14.569000000000004,1
1.0,0.0,1.0,0.0,1.0,0.0,1823.17,3.0,2.985999999999997,0
0.0,1.0,1.0,0.0,0.0,1.0,1801.634,3.0,30.0,0
1.0,0.0,1.0,0.0,0.0,1.0,1817.221,3.0,16.349000000000004,1
0.0,1.0,1.0,0.0,0.0,1.0,1830.875,3.0,4.860999999999997,0
0.0,1.0,0.0,1.0,0.0,1.0,1812.383,3.0,20.099999999999994,1
1.0,0.0,1.0,0.0,1.0,0.0,1803.792,3.0,30.0,0
0.0,1.0,0.0,1.0,0.0,1.0,1773.106,3.0,23.673,1
1.0,0.0,0.0,1.0,0.0,1.0,1773.736,3.0,30.0,0
0.0,1.0,1.0,0.0,0.0,1.0,1796.329,3.0,12.563000000000002,1
0.0,1.0,1.0,0.0,0.0,1.0,1799.97,3.0,3.128,1
1.0,0.0,1.0,0.0,0.0,1.0,1795.203,3.0,23.998999999999995,1
0.0,1.0,1.0,0.0,0.0,1.0,1784.112,3.0,0.6120000000000019,1
0.0,1.0,1.0,0.0,0.0,1.0,1798.119,3.0,5.180999999999997,1
1.0,0.0,1.0,0.0,0.0,1.0,1787.337,3.0,2.487000000000002,0
0.0,1.0,1.0,0.0,0.0,1.0,1797.128,3.0,30.0,0
0.0,1.0,1.0,0.0,0.0,1.0,1787.548,3.0,1.6499999999999986,1
1.0,0.0,1.0,0.0,0.0,1.0,1837.032,3.0,7.798999999999999,0
1.0,0.0,1.0,0.0,0.0,1.0,1841.01,3.0,3.820999999999998,0
1.0,0.0,1.0,0.0,1.0,0.0,1824.197,3.0,18.370000000000005,1
1.0,0.0,1.0,0.0,0.0,1.0,1774.94,3.0,9.811,1
1.0,0.0,0.0,1.0,1.0,0.0,1781.185,3.0,3.4570000000000007,1
0.0,1.0,1.0,0.0,0.0,1.0,1773.919,3.0,1.25,1
0.0,1.0,0.0,1.0,1.0,0.0,1786.76,3.0,2.0660000000000025,0
0.0,1.0,1.0,0.0,0.0,1.0,1812.778,3.0,0.0480000000000018,0
0.0,1.0,1.0,0.0,1.0,0.0,1837.629,3.0,7.201999999999998,0
0.0,1.0,0.0,1.0,0.0,1.0,1776.586,3.0,1.0060000000000002,1
1.0,0.0,1.0,0.0,1.0,0.0,1780.742,3.0,8.857999999999997,1
0.0,1.0,1.0,0.0,1.0,0.0,1844.742,3.0,0.0889999999999986,0
0.0,1.0,1.0,0.0,0.0,1.0,1800.871,3.0,30.0,0
0.0,1.0,1.0,0.0,0.0,1.0,1799.184,3.0,16.200999999999993,1
0.0,1.0,1.0,0.0,0.0,1.0,1811.392,3.0,5.433,0
1.0,0.0,1.0,0.0,0.0,1.0,1814.935,3.0,1.8900000000000008,0
0.0,1.0,1.0,0.0,1.0,0.0,1840.131,3.0,3.676000000000002,0
1.0,0.0,1.0,0.0,0.0,1.0,1784.95,3.0,14.046999999999995,1
0.0,1.0,1.0,0.0,0.0,1.0,1772.999,3.0,16.363,1
1.0,0.0,1.0,0.0,0.0,1.0,1794.82,3.0,4.417999999999999,1
0.0,1.0,1.0,0.0,0.0,1.0,1813.741,3.0,6.670999999999999,1
0.0,1.0,1.0,0.0,0.0,1.0,1780.947,3.0,6.878999999999998,0
1.0,0.0,1.0,0.0,1.0,0.0,1774.133,3.0,6.396999999999999,1
1.0,0.0,0.0,1.0,0.0,1.0,1773.941,3.0,12.378999999999998,1
1.0,0.0,1.0,0.0,0.0,1.0,1800.496,3.0,19.711,1
1.0,0.0,1.0,0.0,1.0,0.0,1773.667,3.0,16.656000000000006,1
1.0,0.0,1.0,0.0,0.0,1.0,1788.931,3.0,0.5050000000000026,1
0.0,1.0,1.0,0.0,0.0,1.0,1794.765,3.0,23.66200000000001,1
1.0,0.0,1.0,0.0,0.0,1.0,1792.225,3.0,15.954999999999998,1
1.0,0.0,1.0,0.0,0.0,1.0,1805.585,3.0,27.623999999999995,1
1.0,0.0,1.0,0.0,0.0,1.0,1819.858,3.0,24.973,0
1.0,0.0,1.0,0.0,0.0,1.0,1825.714,3.0,15.61,1
1.0,0.0,1.0,0.0,0.0,1.0,1771.425,3.0,3.546999999999997,1
0.0,1.0,1.0,0.0,0.0,1.0,1791.71,3.0,3.3740000000000023,1
1.0,0.0,1.0,0.0,0.0,1.0,1793.744,3.0,27.199,1
1.0,0.0,1.0,0.0,0.0,1.0,1816.715,3.0,1.277000000000001,0
1.0,0.0,1.0,0.0,0.0,1.0,1779.904,3.0,7.732999999999997,1
1.0,0.0,1.0,0.0,0.0,1.0,1780.816,3.0,0.9979999999999976,1
1.0,0.0,0.0,1.0,0.0,1.0,1814.242,3.0,20.053,1
0.0,1.0,0.0,1.0,0.0,1.0,1801.005,3.0,27.081000000000003,1
1.0,0.0,1.0,0.0,0.0,1.0,1795.584,3.0,15.336,1
0.0,1.0,0.0,1.0,1.0,0.0,1779.206,3.0,30.0,0
0.0,1.0,1.0,0.0,1.0,0.0,1794.064,3.0,26.200000000000003,1
1.0,0.0,1.0,0.0,1.0,0.0,1788.197,3.0,1.9399999999999973,1
1.0,0.0,1.0,0.0,0.0,1.0,1822.428,3.0,2.3500000000000014,0
0.0,1.0,0.0,1.0,1.0,0.0,1775.201,3.0,14.569000000000004,1
0.0,1.0,1.0,0.0,1.0,0.0,1773.9,3.0,3.1469999999999985,1
0.0,1.0,1.0,0.0,1.0,0.0,1778.99,3.0,18.931,1
1.0,0.0,0.0,1.0,1.0,0.0,1779.217,3.0,9.877000000000002,1
0.0,1.0,1.0,0.0,0.0,1.0,1816.778,3.0,5.027999999999999,0
0.0,1.0,1.0,0.0,0.0,1.0,1799.274,3.0,0.8719999999999999,1
0.0,1.0,0.0,1.0,0.0,1.0,1794.771,3.0,29.521,1
1.0,0.0,0.0,1.0,0.0,1.0,1802.179,3.0,30.0,0
1.0,0.0,1.0,0.0,0.0,1.0,1792.821,3.0,9.345999999999997,1
1.0,0.0,1.0,0.0,1.0,0.0,1776.597,3.0,28.716,1
1.0,0.0,1.0,0.0,0.0,1.0,1782.138,3.0,0.2479999999999975,1
0.0,1.0,0.0,1.0,0.0,1.0,1813.44,3.0,4.552,0
0.0,1.0,1.0,0.0,0.0,1.0,1835.269,3.0,9.561999999999998,0
1.0,0.0,1.0,0.0,0.0,1.0,1827.192,3.0,2.9450000000000003,1
0.0,1.0,1.0,0.0,0.0,1.0,1837.988,3.0,1.8190000000000024,0
0.0,1.0,1.0,0.0,0.0,1.0,1823.159,3.0,21.671000000000006,0
1.0,0.0,1.0,0.0,0.0,1.0,1836.893,3.0,7.938000000000002,0
0.0,1.0,1.0,0.0,0.0,1.0,1844.528,3.0,0.3029999999999972,0
0.0,1.0,1.0,0.0,0.0,1.0,1836.192,3.0,8.639000000000003,0
1.0,0.0,1.0,0.0,0.0,1.0,1842.7,3.0,2.131,0
1.0,0.0,1.0,0.0,0.0,1.0,1831.51,3.0,13.320999999999998,0
0.0,1.0,1.0,0.0,0.0,1.0,1841.038,3.0,1.7700000000000031,0
1.0,0.0,1.0,0.0,0.0,1.0,1834.773,3.0,8.033999999999999,0
0.0,1.0,0.0,1.0,0.0,1.0,1836.764,3.0,2.043999999999997,0
1.0,0.0,1.0,0.0,0.0,1.0,1838.773,3.0,0.0339999999999989,0
1.0,0.0,1.0,0.0,0.0,1.0,1823.718,3.0,3.0619999999999976,0
0.0,1.0,0.0,1.0,0.0,1.0,1842.713,3.0,1.0940000000000012,0
0.0,1.0,1.0,0.0,0.0,1.0,1837.725,3.0,1.0829999999999984,0
0.0,1.0,1.0,0.0,0.0,1.0,1841.64,3.0,3.2269999999999968,0
0.0,1.0,1.0,0.0,0.0,1.0,1833.744,3.0,10.11,1
0.0,1.0,0.0,1.0,0.0,1.0,1835.765,3.0,5.109999999999999,1
1.0,0.0,1.0,0.0,0.0,1.0,1841.938,3.0,2.8930000000000007,0
0.0,1.0,0.0,1.0,0.0,1.0,1830.921,3.0,13.909999999999997,0
1.0,0.0,0.0,1.0,0.0,1.0,1830.549,3.0,14.281999999999996,0
0.0,1.0,0.0,1.0,0.0,1.0,1825.279,3.0,19.602000000000004,0
1.0,0.0,0.0,1.0,0.0,1.0,1838.738,3.0,6.142000000000003,1
0.0,1.0,1.0,0.0,0.0,1.0,1844.4,3.0,0.4309999999999974,0
0.0,1.0,1.0,0.0,0.0,1.0,1776.736,3.0,3.0900000000000034,0
0.0,1.0,1.0,0.0,0.0,1.0,1839.704,3.0,5.127000000000002,0
1.0,0.0,1.0,0.0,0.0,1.0,1841.12,3.0,3.711,0
0.0,1.0,0.0,1.0,0.0,1.0,1822.719,3.0,10.75,0
1.0,0.0,0.0,1.0,0.0,1.0,1823.168,3.0,10.301000000000002,0
0.0,1.0,1.0,0.0,0.0,1.0,1838.338,3.0,4.241999999999997,0
0.0,1.0,1.0,0.0,0.0,1.0,1833.254,3.0,11.613,0
0.0,1.0,0.0,1.0,0.0,1.0,1833.774,3.0,9.198,1
1.0,0.0,1.0,0.0,0.0,1.0,1842.754,3.0,1.350999999999999,1
0.0,1.0,1.0,0.0,0.0,1.0,1829.782,3.0,15.049000000000008,0
1.0,0.0,1.0,0.0,0.0,1.0,1837.815,3.0,2.8759999999999977,1
0.0,1.0,1.0,0.0,0.0,1.0,1830.995,3.0,9.829999999999998,0
0.0,1.0,1.0,0.0,0.0,1.0,1844.099,3.0,0.7319999999999993,0
0.0,1.0,1.0,0.0,0.0,1.0,1836.246,3.0,8.585,0
1.0,0.0,1.0,0.0,0.0,1.0,1835.389,3.0,6.843000000000004,1
1.0,0.0,0.0,1.0,0.0,1.0,1844.416,3.0,0.4149999999999991,0
1.0,0.0,1.0,0.0,0.0,1.0,1839.953,3.0,4.877000000000002,0
0.0,1.0,1.0,0.0,0.0,1.0,1835.704,3.0,9.127000000000002,0
1.0,0.0,1.0,0.0,0.0,1.0,1841.936,3.0,2.895000000000003,0
1.0,0.0,1.0,0.0,0.0,1.0,1791.176,3.0,30.0,0
0.0,1.0,0.0,1.0,0.0,1.0,1842.122,3.0,2.709000000000003,0
1.0,0.0,1.0,0.0,0.0,1.0,1828.131,3.0,14.099000000000004,1
1.0,0.0,1.0,0.0,0.0,1.0,1834.467,3.0,2.7150000000000034,0
0.0,1.0,1.0,0.0,0.0,1.0,1781.347,3.0,23.748999999999995,1
1.0,0.0,1.0,0.0,0.0,1.0,1779.266,3.0,30.0,0
0.0,1.0,1.0,0.0,0.0,1.0,1795.116,3.0,8.71,0
1.0,0.0,1.0,0.0,0.0,1.0,1798.062,3.0,5.765000000000001,0
1.0,0.0,1.0,0.0,0.0,1.0,1803.556,3.0,24.686000000000007,1
1.0,0.0,1.0,0.0,0.0,1.0,1792.011,3.0,27.185,1
0.0,1.0,1.0,0.0,0.0,1.0,1796.572,3.0,1.253,0
1.0,0.0,1.0,0.0,0.0,1.0,1792.958,3.0,4.866999999999997,0
0.0,1.0,1.0,0.0,0.0,1.0,1823.272,3.0,0.5349999999999966,0
0.0,1.0,1.0,0.0,0.0,1.0,1843.414,4.0,1.4170000000000016,0
0.0,1.0,1.0,0.0,0.0,1.0,1829.585,4.0,15.245999999999997,0
1.0,0.0,1.0,0.0,1.0,0.0,1798.322,4.0,28.828000000000003,1
0.0,1.0,1.0,0.0,0.0,1.0,1842.795,4.0,2.0360000000000014,0
1.0,0.0,1.0,0.0,0.0,1.0,1774.604,4.0,30.0,0
1.0,0.0,1.0,0.0,0.0,1.0,1813.643,4.0,13.222,1
0.0,1.0,1.0,0.0,0.0,1.0,1838.283,4.0,6.548000000000002,0
0.0,1.0,1.0,0.0,1.0,0.0,1780.936,4.0,12.055999999999996,1
0.0,1.0,1.0,0.0,0.0,1.0,1818.716,4.0,11.374000000000002,1
1.0,0.0,1.0,0.0,0.0,1.0,1823.702,4.0,8.615000000000002,1
0.0,1.0,0.0,1.0,0.0,1.0,1779.775,4.0,2.0489999999999995,0
1.0,0.0,1.0,0.0,0.0,1.0,1844.726,4.0,0.1049999999999968,0
1.0,0.0,1.0,0.0,0.0,1.0,1836.739,4.0,8.091999999999999,0
1.0,0.0,1.0,0.0,0.0,1.0,1843.904,4.0,0.9269999999999996,0
0.0,1.0,1.0,0.0,1.0,0.0,1782.968,4.0,23.213,1
0.0,1.0,1.0,0.0,1.0,0.0,1837.131,4.0,4.674999999999997,1
1.0,0.0,1.0,0.0,0.0,1.0,1841.681,4.0,3.1499999999999986,0
0.0,1.0,1.0,0.0,0.0,1.0,1819.852,4.0,18.033,1
1.0,0.0,0.0,1.0,1.0,0.0,1776.52,4.0,5.305,0
1.0,0.0,1.0,0.0,0.0,1.0,1781.977,4.0,0.5129999999999981,1
0.0,1.0,1.0,0.0,0.0,1.0,1813.949,4.0,0.1850000000000022,1
1.0,0.0,1.0,0.0,0.0,1.0,1819.715,4.0,19.383,1
1.0,0.0,1.0,0.0,0.0,1.0,1827.515,4.0,0.3109999999999999,0
0.0,1.0,1.0,0.0,1.0,0.0,1780.635,4.0,8.704999999999998,1
1.0,0.0,1.0,0.0,0.0,1.0,1783.124,4.0,7.707999999999998,0
1.0,0.0,1.0,0.0,0.0,1.0,1824.81,4.0,20.021,0
0.0,1.0,1.0,0.0,0.0,1.0,1821.473,4.0,3.081000000000003,1
0.0,1.0,1.0,0.0,1.0,0.0,1796.706,4.0,18.304,1
0.0,1.0,1.0,0.0,0.0,1.0,1825.246,4.0,19.585,0
1.0,0.0,1.0,0.0,0.0,1.0,1824.301,4.0,20.459000000000003,1
1.0,0.0,1.0,0.0,0.0,1.0,1778.93,4.0,8.795000000000002,1
1.0,0.0,0.0,1.0,0.0,1.0,1816.676,4.0,1.3160000000000025,0
0.0,1.0,1.0,0.0,1.0,0.0,1842.891,4.0,1.9399999999999973,0
0.0,1.0,1.0,0.0,0.0,1.0,1786.891,4.0,14.281999999999996,1
1.0,0.0,1.0,0.0,0.0,1.0,1842.368,4.0,2.463000000000001,0
0.0,1.0,0.0,1.0,0.0,1.0,1822.73,4.0,0.4260000000000019,1
0.0,1.0,1.0,0.0,0.0,1.0,1813.169,4.0,24.007000000000005,0
1.0,0.0,1.0,0.0,0.0,1.0,1830.749,4.0,6.427,0
0.0,1.0,1.0,0.0,1.0,0.0,1782.99,4.0,4.430999999999997,1
1.0,0.0,1.0,0.0,0.0,1.0,1773.385,4.0,14.786,1
0.0,1.0,0.0,1.0,0.0,1.0,1844.501,4.0,0.3299999999999983,0
1.0,0.0,1.0,0.0,0.0,1.0,1833.503,4.0,5.264000000000003,1
1.0,0.0,1.0,0.0,0.0,1.0,1816.194,4.0,8.735,1
0.0,1.0,1.0,0.0,1.0,0.0,1809.585,4.0,30.0,0
0.0,1.0,1.0,0.0,0.0,1.0,1827.904,4.0,1.3350000000000009,0
0.0,1.0,1.0,0.0,0.0,1.0,1840.156,4.0,4.078000000000003,0
0.0,1.0,1.0,0.0,0.0,1.0,1824.901,4.0,19.930000000000007,0
1.0,0.0,1.0,0.0,0.0,1.0,1826.141,4.0,11.700000000000005,1
0.0,1.0,1.0,0.0,0.0,1.0,1826.924,4.0,15.135999999999996,1
0.0,1.0,1.0,0.0,0.0,1.0,1776.515,4.0,17.602999999999994,1
1.0,0.0,1.0,0.0,0.0,1.0,1777.509,4.0,15.492000000000004,1
1.0,0.0,0.0,1.0,1.0,0.0,1795.748,4.0,21.269000000000005,1
0.0,1.0,0.0,1.0,0.0,1.0,1813.29,4.0,21.932,1
1.0,0.0,0.0,1.0,0.0,1.0,1811.247,4.0,1.0499999999999972,1
1.0,0.0,0.0,1.0,0.0,1.0,1831.105,4.0,13.753999999999998,0
0.0,1.0,1.0,0.0,0.0,1.0,1785.035,4.0,30.0,0
0.0,1.0,1.0,0.0,1.0,0.0,1786.705,4.0,26.214,1
0.0,1.0,1.0,0.0,0.0,1.0,1815.907,4.0,5.662999999999997,1
1.0,0.0,1.0,0.0,0.0,1.0,1819.318,4.0,8.984000000000002,1
1.0,0.0,1.0,0.0,0.0,1.0,1801.599,4.0,12.018,1
1.0,0.0,1.0,0.0,0.0,1.0,1832.356,4.0,12.061999999999998,1
0.0,1.0,1.0,0.0,0.0,1.0,1830.453,4.0,10.799,1
0.0,1.0,1.0,0.0,0.0,1.0,1844.75,4.0,0.081000000000003,0
1.0,0.0,0.0,1.0,1.0,0.0,1777.788,4.0,12.159999999999997,1
1.0,0.0,0.0,1.0,1.0,0.0,1779.521,4.0,5.725999999999999,1
0.0,1.0,1.0,0.0,0.0,1.0,1818.07,4.0,22.90900000000001,1
1.0,0.0,1.0,0.0,1.0,0.0,1780.402,4.0,15.744,1
0.0,1.0,1.0,0.0,0.0,1.0,1837.884,4.0,6.947000000000003,0
1.0,0.0,1.0,0.0,0.0,1.0,1841.051,4.0,3.780000000000001,0
0.0,1.0,0.0,1.0,1.0,0.0,1775.63,4.0,6.311999999999998,1
0.0,1.0,1.0,0.0,1.0,0.0,1839.036,4.0,5.795000000000002,0
1.0,0.0,1.0,0.0,0.0,1.0,1826.697,4.0,15.47,1
0.0,1.0,0.0,1.0,0.0,1.0,1771.948,4.0,7.246000000000002,1
1.0,0.0,1.0,0.0,0.0,1.0,1840.11,4.0,4.7209999999999965,0
1.0,0.0,1.0,0.0,0.0,1.0,1835.463,4.0,9.368000000000002,0
0.0,1.0,1.0,0.0,0.0,1.0,1823.02,4.0,5.765000000000001,0
0.0,1.0,0.0,1.0,0.0,1.0,1818.062,4.0,0.7460000000000022,0
0.0,1.0,0.0,1.0,0.0,1.0,1808.394,4.0,30.0,0
1.0,0.0,0.0,1.0,0.0,1.0,1808.712,4.0,21.058000000000007,1
0.0,1.0,0.0,1.0,0.0,1.0,1819.786,4.0,1.0200000000000031,0
0.0,1.0,0.0,1.0,0.0,1.0,1810.771,4.0,9.956000000000005,1
1.0,0.0,0.0,1.0,0.0,1.0,1809.856,4.0,22.117999999999995,1
0.0,1.0,1.0,0.0,0.0,1.0,1833.815,4.0,11.015999999999998,0
1.0,0.0,1.0,0.0,0.0,1.0,1840.457,4.0,4.374000000000002,0
0.0,1.0,1.0,0.0,0.0,1.0,1813.615,4.0,25.357,1
1.0,0.0,1.0,0.0,0.0,1.0,1823.559,4.0,0.2749999999999986,0
1.0,0.0,1.0,0.0,0.0,1.0,1829.424,4.0,5.000999999999998,1
0.0,1.0,1.0,0.0,0.0,1.0,1793.139,4.0,30.0,0
1.0,0.0,1.0,0.0,1.0,0.0,1815.682,4.0,26.205,1
0.0,1.0,1.0,0.0,0.0,1.0,1842.409,4.0,2.421999999999997,0
1.0,0.0,1.0,0.0,0.0,1.0,1842.65,4.0,2.1809999999999974,0
1.0,0.0,1.0,0.0,0.0,1.0,1775.075,4.0,18.861999999999995,1
1.0,0.0,1.0,0.0,0.0,1.0,1810.056,4.0,22.0,1
0.0,1.0,0.0,1.0,0.0,1.0,1774.231,4.0,0.8310000000000031,1
1.0,0.0,1.0,0.0,0.0,1.0,1815.247,4.0,2.744999999999997,0
0.0,1.0,1.0,0.0,0.0,1.0,1842.557,4.0,2.274000000000001,0
0.0,1.0,1.0,0.0,0.0,1.0,1835.102,4.0,7.299999999999997,1
0.0,1.0,1.0,0.0,1.0,0.0,1810.33,4.0,26.114999999999995,1
1.0,0.0,1.0,0.0,1.0,0.0,1775.841,4.0,4.850000000000001,1
0.0,1.0,1.0,0.0,0.0,1.0,1842.396,4.0,2.4350000000000023,0
0.0,1.0,1.0,0.0,1.0,0.0,1782.875,4.0,20.951,0
1.0,0.0,1.0,0.0,1.0,0.0,1788.854,4.0,1.3590000000000018,1
0.0,1.0,0.0,1.0,1.0,0.0,1796.022,4.0,12.323999999999998,1
1.0,0.0,1.0,0.0,0.0,1.0,1836.134,4.0,8.697000000000003,0
0.0,1.0,1.0,0.0,1.0,0.0,1777.53,4.0,2.3939999999999984,1
0.0,1.0,1.0,0.0,0.0,1.0,1826.675,4.0,10.997,0
0.0,1.0,1.0,0.0,0.0,1.0,1781.651,4.0,8.942999999999998,1
0.0,1.0,1.0,0.0,0.0,1.0,1834.801,4.0,10.03,0
1.0,0.0,1.0,0.0,0.0,1.0,1842.396,4.0,2.4350000000000023,0
1.0,0.0,1.0,0.0,0.0,1.0,1839.376,4.0,5.454999999999998,0
0.0,1.0,1.0,0.0,0.0,1.0,1827.671,4.0,8.058999999999997,1
1.0,0.0,1.0,0.0,0.0,1.0,1831.745,4.0,13.086,0
0.0,1.0,1.0,0.0,0.0,1.0,1830.242,4.0,13.775,1
1.0,0.0,1.0,0.0,0.0,1.0,1826.157,4.0,9.151000000000003,1
1.0,0.0,1.0,0.0,0.0,1.0,1774.96,4.0,0.8669999999999973,0
1.0,0.0,1.0,0.0,1.0,0.0,1828.433,4.0,11.933,1
0.0,1.0,1.0,0.0,0.0,1.0,1782.001,4.0,9.076999999999998,1
0.0,1.0,1.0,0.0,0.0,1.0,1825.21,4.0,19.620999999999995,0
1.0,0.0,1.0,0.0,0.0,1.0,1836.69,4.0,8.140999999999998,0
0.0,1.0,1.0,0.0,0.0,1.0,1796.027,4.0,21.091,1
1.0,0.0,1.0,0.0,0.0,1.0,1836.862,4.0,7.771000000000001,1
0.0,1.0,1.0,0.0,1.0,0.0,1782.152,4.0,21.03100000000001,1
0.0,1.0,1.0,0.0,0.0,1.0,1812.819,4.0,5.773000000000003,1
1.0,0.0,1.0,0.0,0.0,1.0,1835.756,4.0,2.8840000000000003,0
1.0,0.0,1.0,0.0,0.0,1.0,1824.578,4.0,20.253,0
0.0,1.0,1.0,0.0,0.0,1.0,1839.959,4.0,2.780000000000001,0
0.0,1.0,0.0,1.0,0.0,1.0,1839.499,4.0,5.332000000000001,0
0.0,1.0,0.0,1.0,0.0,1.0,1774.48,4.0,3.344000000000001,0
0.0,1.0,1.0,0.0,0.0,1.0,1823.759,4.0,1.0660000000000025,0
0.0,1.0,1.0,0.0,0.0,1.0,1836.531,4.0,8.299999999999997,0
0.0,1.0,1.0,0.0,1.0,0.0,1828.83,4.0,3.9769999999999968,0
0.0,1.0,1.0,0.0,0.0,1.0,1822.015,4.0,22.821,1
0.0,1.0,1.0,0.0,0.0,1.0,1816.348,4.0,1.6409999999999982,1
1.0,0.0,1.0,0.0,0.0,1.0,1804.923,4.0,19.15000000000001,1
1.0,0.0,1.0,0.0,0.0,1.0,1780.465,4.0,8.853000000000002,1
0.0,1.0,1.0,0.0,0.0,1.0,1812.419,4.0,5.534999999999997,1
0.0,1.0,1.0,0.0,1.0,0.0,1810.628,4.0,5.639000000000003,1
1.0,0.0,1.0,0.0,0.0,1.0,1821.498,4.0,7.7280000000000015,1
0.0,1.0,0.0,1.0,1.0,0.0,1843.732,4.0,1.0989999999999966,0
1.0,0.0,1.0,0.0,0.0,1.0,1806.059,4.0,22.096000000000004,1
1.0,0.0,1.0,0.0,1.0,0.0,1816.052,4.0,15.259,1
1.0,0.0,1.0,0.0,1.0,0.0,1793.99,4.0,13.368000000000002,1
0.0,1.0,1.0,0.0,0.0,1.0,1823.48,4.0,17.718000000000004,1
1.0,0.0,1.0,0.0,0.0,1.0,1817.656,4.0,0.3350000000000008,0
1.0,0.0,0.0,1.0,0.0,1.0,1815.151,4.0,16.146,1
0.0,1.0,1.0,0.0,0.0,1.0,1818.461,4.0,11.374000000000002,0
1.0,0.0,1.0,0.0,0.0,1.0,1823.403,4.0,6.433,0
0.0,1.0,1.0,0.0,0.0,1.0,1830.166,4.0,12.642000000000005,0
1.0,0.0,1.0,0.0,0.0,1.0,1833.689,4.0,9.118000000000002,0
1.0,0.0,1.0,0.0,0.0,1.0,1825.363,4.0,9.476999999999997,1
0.0,1.0,1.0,0.0,0.0,1.0,1798.771,4.0,27.465000000000003,1
1.0,0.0,1.0,0.0,0.0,1.0,1796.342,4.0,26.438,1
0.0,1.0,1.0,0.0,1.0,0.0,1778.735,4.0,14.183000000000009,1
0.0,1.0,0.0,1.0,0.0,1.0,1817.183,4.0,4.185000000000002,1
1.0,0.0,0.0,1.0,0.0,1.0,1823.179,4.0,6.6569999999999965,0
0.0,1.0,1.0,0.0,1.0,0.0,1773.834,4.0,30.0,0
1.0,0.0,1.0,0.0,1.0,0.0,1780.786,4.0,30.0,0
0.0,1.0,1.0,0.0,0.0,1.0,1807.693,4.0,21.463,1
1.0,0.0,1.0,0.0,1.0,0.0,1792.23,4.0,29.836,1
0.0,1.0,1.0,0.0,0.0,1.0,1776.126,4.0,7.109000000000002,1
0.0,1.0,1.0,0.0,0.0,1.0,1821.563,4.0,11.697000000000005,1
0.0,1.0,1.0,0.0,0.0,1.0,1811.072,4.0,6.819000000000003,1
0.0,1.0,0.0,1.0,0.0,1.0,1804.616,4.0,19.218000000000004,0
1.0,0.0,0.0,1.0,1.0,0.0,1804.099,4.0,13.893,0
0.0,1.0,1.0,0.0,0.0,1.0,1812.786,4.0,21.578000000000003,1
0.0,1.0,1.0,0.0,0.0,1.0,1821.385,4.0,22.446,0
1.0,0.0,1.0,0.0,0.0,1.0,1817.643,4.0,0.3489999999999966,0
1.0,0.0,1.0,0.0,1.0,0.0,1789.845,4.0,8.354999999999997,1
0.0,1.0,1.0,0.0,0.0,1.0,1811.951,4.0,2.8759999999999977,0
1.0,0.0,1.0,0.0,0.0,1.0,1844.824,4.0,0.0069999999999978,0
1.0,0.0,1.0,0.0,0.0,1.0,1816.715,4.0,25.346000000000004,1
0.0,1.0,1.0,0.0,1.0,0.0,1784.0,4.0,22.224999999999994,1
0.0,1.0,1.0,0.0,0.0,1.0,1813.561,4.0,10.826999999999998,1
1.0,0.0,1.0,0.0,0.0,1.0,1818.207,4.0,19.791,1
0.0,1.0,1.0,0.0,1.0,0.0,1818.543,4.0,5.277000000000001,0
1.0,0.0,0.0,1.0,0.0,1.0,1789.005,4.0,6.826999999999998,0
1.0,0.0,1.0,0.0,0.0,1.0,1790.735,4.0,10.118000000000002,1
1.0,0.0,0.0,1.0,1.0,0.0,1781.218,4.0,7.472999999999999,1
1.0,0.0,1.0,0.0,0.0,1.0,1819.228,4.0,22.036,1
0.0,1.0,1.0,0.0,0.0,1.0,1804.192,4.0,30.0,0
1.0,0.0,1.0,0.0,0.0,1.0,1805.216,4.0,23.708,1
0.0,1.0,0.0,1.0,0.0,1.0,1814.582,4.0,10.764000000000005,1
1.0,0.0,1.0,0.0,0.0,1.0,1819.346,4.0,18.794,1
0.0,1.0,0.0,1.0,1.0,0.0,1792.813,4.0,30.0,0
0.0,1.0,1.0,0.0,0.0,1.0,1835.42,4.0,9.411,0
0.0,1.0,1.0,0.0,0.0,1.0,1832.58,4.0,1.838000000000001,1
1.0,0.0,1.0,0.0,0.0,1.0,1842.275,4.0,2.5559999999999974,0
0.0,1.0,1.0,0.0,1.0,0.0,1814.22,4.0,25.513000000000005,0
1.0,0.0,1.0,0.0,0.0,1.0,1814.078,4.0,25.655,0
1.0,0.0,1.0,0.0,0.0,1.0,1835.608,4.0,4.642000000000003,1
0.0,1.0,1.0,0.0,0.0,1.0,1772.392,4.0,17.983999999999995,1
1.0,0.0,1.0,0.0,0.0,1.0,1827.847,4.0,12.606000000000002,1
1.0,0.0,1.0,0.0,0.0,1.0,1811.729,4.0,26.293000000000006,1
1.0,0.0,0.0,1.0,0.0,1.0,1840.936,4.0,3.895000000000003,0
0.0,1.0,1.0,0.0,0.0,1.0,1841.971,4.0,2.8599999999999994,0
0.0,1.0,1.0,0.0,0.0,1.0,1788.077,4.0,4.006999999999998,1
1.0,0.0,1.0,0.0,0.0,1.0,1790.018,4.0,19.81,1
0.0,1.0,1.0,0.0,0.0,1.0,1840.86,4.0,3.970999999999997,0
1.0,0.0,1.0,0.0,0.0,1.0,1831.973,4.0,12.857999999999995,0
1.0,0.0,1.0,0.0,0.0,1.0,1820.016,4.0,24.815,0
0.0,1.0,1.0,0.0,0.0,1.0,1827.573,4.0,16.608999999999995,1
1.0,0.0,1.0,0.0,0.0,1.0,1833.079,4.0,11.128,0
0.0,1.0,1.0,0.0,0.0,1.0,1842.1,4.0,0.7079999999999984,0
1.0,0.0,1.0,0.0,0.0,1.0,1841.58,4.0,1.2280000000000015,0
1.0,0.0,0.0,1.0,0.0,1.0,1777.462,4.0,5.365000000000002,0
0.0,1.0,1.0,0.0,0.0,1.0,1819.266,4.0,22.539,0
1.0,0.0,1.0,0.0,0.0,1.0,1818.428,4.0,15.897000000000006,1
0.0,1.0,1.0,0.0,0.0,1.0,1830.24,4.0,11.799,1
0.0,1.0,1.0,0.0,0.0,1.0,1804.43,4.0,28.598,1
1.0,0.0,1.0,0.0,0.0,1.0,1802.793,4.0,15.198999999999998,0
1.0,0.0,1.0,0.0,0.0,1.0,1809.588,4.0,24.084000000000003,1
1.0,0.0,1.0,0.0,0.0,1.0,1816.266,4.0,11.540999999999997,0
0.0,1.0,1.0,0.0,0.0,1.0,1835.707,4.0,9.124000000000002,0
0.0,1.0,1.0,0.0,0.0,1.0,1833.667,4.0,0.4260000000000019,0
0.0,1.0,1.0,0.0,0.0,1.0,1820.747,4.0,0.0589999999999975,0
1.0,0.0,0.0,1.0,0.0,1.0,1813.314,4.0,0.5110000000000028,0
0.0,1.0,1.0,0.0,0.0,1.0,1796.528,5.0,30.0,0
1.0,0.0,1.0,0.0,1.0,0.0,1823.781,5.0,4.6910000000000025,0
1.0,0.0,1.0,0.0,1.0,0.0,1825.634,5.0,9.576,1
1.0,0.0,1.0,0.0,1.0,0.0,1768.912,5.0,17.367999999999995,1
0.0,1.0,0.0,1.0,0.0,1.0,1811.017,5.0,30.0,0
1.0,0.0,0.0,1.0,0.0,1.0,1823.611,5.0,4.456000000000003,1
0.0,1.0,1.0,0.0,0.0,1.0,1776.145,5.0,25.326,1
0.0,1.0,1.0,0.0,1.0,0.0,1820.994,5.0,19.28400000000001,1
1.0,0.0,0.0,1.0,0.0,1.0,1792.956,5.0,14.060000000000002,1
0.0,1.0,1.0,0.0,0.0,1.0,1817.448,5.0,11.383000000000004,0
1.0,0.0,1.0,0.0,0.0,1.0,1818.875,5.0,9.956000000000005,0
1.0,0.0,1.0,0.0,0.0,1.0,1796.802,5.0,23.32,1
0.0,1.0,1.0,0.0,0.0,1.0,1817.101,5.0,24.03400000000001,1
1.0,0.0,1.0,0.0,0.0,1.0,1811.836,5.0,30.0,0
1.0,0.0,1.0,0.0,1.0,0.0,1842.823,5.0,1.2280000000000015,0
0.0,1.0,1.0,0.0,0.0,1.0,1842.984,5.0,1.8770000000000024,0
1.0,0.0,1.0,0.0,0.0,1.0,1815.904,5.0,27.218000000000004,1
0.0,1.0,0.0,1.0,1.0,0.0,1781.489,5.0,29.677000000000007,1
1.0,0.0,1.0,0.0,0.0,1.0,1804.318,5.0,30.0,0
0.0,1.0,0.0,1.0,1.0,0.0,1784.764,5.0,22.203000000000003,1
1.0,0.0,1.0,0.0,1.0,0.0,1787.165,5.0,26.739000000000004,1
0.0,1.0,1.0,0.0,1.0,0.0,1789.725,5.0,25.117999999999995,1
1.0,0.0,0.0,1.0,1.0,0.0,1792.194,5.0,18.867999999999995,1
1.0,0.0,1.0,0.0,1.0,0.0,1804.26,5.0,30.0,0
1.0,0.0,0.0,1.0,0.0,1.0,1783.767,5.0,17.397999999999996,1
0.0,1.0,0.0,1.0,1.0,0.0,1772.334,5.0,23.486999999999995,1
0.0,1.0,1.0,0.0,1.0,0.0,1797.873,5.0,5.098999999999997,1
1.0,0.0,1.0,0.0,1.0,0.0,1802.872,5.0,27.555000000000007,1
1.0,0.0,0.0,1.0,1.0,0.0,1805.804,5.0,30.0,0
1.0,0.0,1.0,0.0,0.0,1.0,1793.739,5.0,1.0940000000000012,1
0.0,1.0,1.0,0.0,0.0,1.0,1826.836,5.0,4.994999999999997,0
0.0,1.0,1.0,0.0,1.0,0.0,1804.26,5.0,1.668999999999997,1
1.0,0.0,1.0,0.0,0.0,1.0,1808.997,5.0,17.595,1
0.0,1.0,0.0,1.0,1.0,0.0,1767.781,5.0,29.242000000000004,1
0.0,1.0,0.0,1.0,1.0,0.0,1773.651,5.0,10.180999999999996,0
0.0,1.0,1.0,0.0,0.0,1.0,1767.83,5.0,15.016000000000004,1
1.0,0.0,1.0,0.0,1.0,0.0,1769.046,5.0,21.803,1
1.0,0.0,1.0,0.0,1.0,0.0,1795.699,5.0,8.972999999999999,1
1.0,0.0,1.0,0.0,0.0,1.0,1796.775,5.0,24.611999999999995,1
0.0,1.0,0.0,1.0,0.0,1.0,1763.285,5.0,8.479999999999997,1
1.0,0.0,0.0,1.0,1.0,0.0,1771.034,5.0,20.919,1
0.0,1.0,1.0,0.0,0.0,1.0,1816.882,5.0,4.984000000000002,1
1.0,0.0,0.0,1.0,0.0,1.0,1771.214,5.0,13.781,1
1.0,0.0,1.0,0.0,1.0,0.0,1810.757,5.0,10.073999999999998,0
0.0,1.0,1.0,0.0,1.0,0.0,1803.343,5.0,30.0,0
0.0,1.0,0.0,1.0,0.0,1.0,1767.132,5.0,8.036999999999999,1
0.0,1.0,1.0,0.0,1.0,0.0,1806.261,5.0,29.759,1
1.0,0.0,1.0,0.0,1.0,0.0,1814.617,5.0,30.0,0
1.0,0.0,1.0,0.0,1.0,0.0,1833.144,5.0,11.686999999999998,0
0.0,1.0,1.0,0.0,1.0,0.0,1835.756,5.0,9.075000000000005,0
1.0,0.0,1.0,0.0,1.0,0.0,1842.234,5.0,2.5970000000000013,0
1.0,0.0,1.0,0.0,0.0,1.0,1813.284,5.0,28.084000000000003,1
1.0,0.0,0.0,1.0,0.0,1.0,1764.75,5.0,24.122,1
0.0,1.0,1.0,0.0,0.0,1.0,1780.925,5.0,19.218000000000004,1
1.0,0.0,1.0,0.0,1.0,0.0,1791.587,5.0,7.435000000000002,1
0.0,1.0,1.0,0.0,0.0,1.0,1838.825,5.0,6.005000000000003,0
0.0,1.0,1.0,0.0,1.0,0.0,1807.469,5.0,26.271,1
0.0,1.0,1.0,0.0,0.0,1.0,1813.539,5.0,19.139,1
1.0,0.0,0.0,1.0,0.0,1.0,1840.986,5.0,3.844999999999999,0
0.0,1.0,1.0,0.0,0.0,1.0,1800.394,5.0,30.0,0
1.0,0.0,1.0,0.0,0.0,1.0,1804.969,5.0,21.581000000000003,1
0.0,1.0,0.0,1.0,1.0,0.0,1833.01,5.0,11.820999999999998,0
0.0,1.0,1.0,0.0,0.0,1.0,1829.257,5.0,11.573999999999998,0
1.0,0.0,1.0,0.0,1.0,0.0,1793.949,5.0,22.953000000000003,1
0.0,1.0,1.0,0.0,0.0,1.0,1836.676,5.0,8.155000000000001,0
1.0,0.0,1.0,0.0,0.0,1.0,1839.923,5.0,4.908000000000001,0
1.0,0.0,1.0,0.0,1.0,0.0,1784.263,5.0,8.835999999999999,1
1.0,0.0,1.0,0.0,0.0,1.0,1771.395,5.0,11.459000000000003,1
1.0,0.0,1.0,0.0,0.0,1.0,1832.129,5.0,12.701999999999998,0
1.0,0.0,1.0,0.0,0.0,1.0,1835.376,5.0,9.454999999999998,0
1.0,0.0,1.0,0.0,0.0,1.0,1770.226,5.0,13.789,1
1.0,0.0,1.0,0.0,0.0,1.0,1814.155,5.0,30.0,0
1.0,0.0,1.0,0.0,1.0,0.0,1841.454,5.0,3.3770000000000024,0
1.0,0.0,1.0,0.0,1.0,0.0,1844.383,5.0,0.4480000000000004,0
1.0,0.0,1.0,0.0,1.0,0.0,1763.617,5.0,15.998999999999995,1
1.0,0.0,1.0,0.0,0.0,1.0,1825.106,5.0,6.820999999999998,1
0.0,1.0,1.0,0.0,0.0,1.0,1842.82,5.0,2.011000000000003,0
1.0,0.0,1.0,0.0,0.0,1.0,1844.312,5.0,0.5189999999999984,0
0.0,1.0,1.0,0.0,1.0,0.0,1797.144,5.0,6.640999999999998,1
1.0,0.0,1.0,0.0,1.0,0.0,1809.238,5.0,29.822000000000003,1
1.0,0.0,1.0,0.0,1.0,0.0,1816.277,5.0,16.549000000000007,1
1.0,0.0,1.0,0.0,0.0,1.0,1784.17,5.0,11.018,1
1.0,0.0,1.0,0.0,1.0,0.0,1840.906,5.0,3.924999999999997,0
1.0,0.0,1.0,0.0,1.0,0.0,1776.014,5.0,7.207000000000001,1
0.0,1.0,1.0,0.0,0.0,1.0,1800.268,5.0,17.153999999999996,1
1.0,0.0,1.0,0.0,0.0,1.0,1799.118,5.0,20.040000000000006,1
0.0,1.0,1.0,0.0,0.0,1.0,1796.772,5.0,30.0,0
1.0,0.0,1.0,0.0,0.0,1.0,1825.476,5.0,19.355000000000004,0
0.0,1.0,1.0,0.0,1.0,0.0,1804.361,5.0,25.614000000000004,1
1.0,0.0,1.0,0.0,1.0,0.0,1805.717,5.0,19.383,1
0.0,1.0,1.0,0.0,0.0,1.0,1764.816,5.0,16.119,1
1.0,0.0,1.0,0.0,1.0,0.0,1763.677,5.0,29.696,1
1.0,0.0,1.0,0.0,1.0,0.0,1768.463,5.0,21.739999999999995,1
1.0,0.0,1.0,0.0,1.0,0.0,1773.172,5.0,28.727000000000004,1
0.0,1.0,1.0,0.0,1.0,0.0,1805.914,5.0,20.168000000000006,1
0.0,1.0,0.0,1.0,1.0,0.0,1768.085,5.0,24.642,1
0.0,1.0,0.0,1.0,1.0,0.0,1771.485,5.0,10.738999999999995,1
1.0,0.0,1.0,0.0,1.0,0.0,1795.737,5.0,10.6,1
0.0,1.0,0.0,1.0,1.0,0.0,1800.301,5.0,21.129000000000005,1
1.0,0.0,1.0,0.0,0.0,1.0,1821.574,5.0,14.900999999999996,0
0.0,1.0,0.0,1.0,0.0,1.0,1821.859,5.0,22.972,0
1.0,0.0,1.0,0.0,1.0,0.0,1782.278,5.0,27.982,1
1.0,0.0,0.0,1.0,1.0,0.0,1784.539,5.0,1.814,1
1.0,0.0,0.0,1.0,1.0,0.0,1804.586,5.0,17.555999999999997,1
1.0,0.0,1.0,0.0,1.0,0.0,1803.502,5.0,30.0,0
0.0,1.0,1.0,0.0,1.0,0.0,1763.877,5.0,11.372,1
0.0,1.0,1.0,0.0,1.0,0.0,1781.591,5.0,19.169,1
0.0,1.0,1.0,0.0,0.0,1.0,1821.284,5.0,23.547,0
1.0,0.0,0.0,1.0,1.0,0.0,1796.517,5.0,22.742000000000004,1
1.0,0.0,1.0,0.0,1.0,0.0,1814.313,5.0,13.179000000000002,1
0.0,1.0,1.0,0.0,1.0,0.0,1826.94,5.0,17.89,0
0.0,1.0,1.0,0.0,1.0,0.0,1839.614,5.0,5.216999999999999,0
1.0,0.0,1.0,0.0,1.0,0.0,1764.747,5.0,21.587000000000003,1
1.0,0.0,1.0,0.0,1.0,0.0,1826.905,5.0,6.988,1
0.0,1.0,1.0,0.0,0.0,1.0,1818.215,5.0,25.836,1
0.0,1.0,1.0,0.0,1.0,0.0,1805.558,5.0,26.623999999999995,1
0.0,1.0,0.0,1.0,0.0,1.0,1774.341,5.0,17.682000000000002,1
1.0,0.0,1.0,0.0,1.0,0.0,1764.775,5.0,9.337000000000003,1
0.0,1.0,0.0,1.0,1.0,0.0,1774.546,5.0,0.6450000000000031,1
1.0,0.0,1.0,0.0,1.0,0.0,1777.426,5.0,9.493000000000002,1
0.0,1.0,1.0,0.0,1.0,0.0,1773.851,5.0,0.4530000000000029,0
1.0,0.0,1.0,0.0,1.0,0.0,1778.125,5.0,30.0,0
1.0,0.0,1.0,0.0,0.0,1.0,1769.251,5.0,12.423000000000002,1
0.0,1.0,1.0,0.0,1.0,0.0,1798.617,5.0,19.916,1
0.0,1.0,1.0,0.0,1.0,0.0,1800.969,5.0,30.0,0
1.0,0.0,1.0,0.0,1.0,0.0,1806.752,5.0,29.283,1
0.0,1.0,1.0,0.0,1.0,0.0,1811.17,5.0,7.362999999999999,1
1.0,0.0,1.0,0.0,0.0,1.0,1822.765,5.0,16.647999999999996,1
0.0,1.0,1.0,0.0,0.0,1.0,1831.014,5.0,13.817,0
1.0,0.0,1.0,0.0,0.0,1.0,1831.039,5.0,13.792000000000002,0
1.0,0.0,0.0,1.0,1.0,0.0,1775.107,5.0,28.782,1
1.0,0.0,1.0,0.0,1.0,0.0,1797.15,5.0,6.338999999999999,1
0.0,1.0,1.0,0.0,0.0,1.0,1819.326,5.0,25.504000000000005,0
1.0,0.0,1.0,0.0,0.0,1.0,1809.851,5.0,30.0,0
0.0,1.0,1.0,0.0,1.0,0.0,1791.584,5.0,9.403,0
0.0,1.0,1.0,0.0,1.0,0.0,1809.654,5.0,11.177,0
0.0,1.0,0.0,1.0,1.0,0.0,1828.397,5.0,16.433999999999997,0
1.0,0.0,0.0,1.0,0.0,1.0,1779.844,5.0,28.986999999999995,0
0.0,1.0,1.0,0.0,1.0,0.0,1823.611,5.0,21.22,0
1.0,0.0,1.0,0.0,0.0,1.0,1831.685,5.0,10.067999999999998,1
1.0,0.0,1.0,0.0,0.0,1.0,1837.257,5.0,7.573999999999998,0
1.0,0.0,1.0,0.0,1.0,0.0,1776.674,5.0,29.039,1
0.0,1.0,0.0,1.0,1.0,0.0,1780.331,5.0,0.3759999999999976,1
1.0,0.0,1.0,0.0,1.0,0.0,1802.204,5.0,30.0,0
1.0,0.0,1.0,0.0,0.0,1.0,1812.786,5.0,30.0,0
0.0,1.0,1.0,0.0,0.0,1.0,1829.125,5.0,1.7860000000000014,1
0.0,1.0,1.0,0.0,0.0,1.0,1843.025,5.0,1.8059999999999967,0
0.0,1.0,1.0,0.0,1.0,0.0,1798.059,5.0,14.733999999999996,1
1.0,0.0,1.0,0.0,1.0,0.0,1807.398,5.0,23.435,0
1.0,0.0,1.0,0.0,1.0,0.0,1787.318,5.0,1.8470000000000013,0
0.0,1.0,1.0,0.0,0.0,1.0,1788.764,5.0,5.098999999999997,1
0.0,1.0,1.0,0.0,1.0,0.0,1820.783,5.0,24.048,0
1.0,0.0,1.0,0.0,0.0,1.0,1774.962,5.0,7.253999999999998,1
0.0,1.0,0.0,1.0,0.0,1.0,1791.726,5.0,1.740000000000002,1
0.0,1.0,1.0,0.0,1.0,0.0,1823.88,5.0,20.951,0
1.0,0.0,1.0,0.0,1.0,0.0,1828.474,5.0,2.914000000000001,0
1.0,0.0,1.0,0.0,0.0,1.0,1794.845,5.0,24.511,1
0.0,1.0,1.0,0.0,0.0,1.0,1821.952,5.0,22.183000000000007,1
1.0,0.0,1.0,0.0,0.0,1.0,1827.201,5.0,17.629999999999995,0
1.0,0.0,1.0,0.0,1.0,0.0,1822.998,5.0,21.833,0
0.0,1.0,1.0,0.0,0.0,1.0,1785.878,5.0,22.745000000000005,1
1.0,0.0,1.0,0.0,0.0,1.0,1787.778,5.0,5.350999999999999,1
0.0,1.0,1.0,0.0,0.0,1.0,1829.979,5.0,14.851,0
0.0,1.0,1.0,0.0,1.0,0.0,1782.888,5.0,28.849999999999994,1
1.0,0.0,1.0,0.0,0.0,1.0,1806.71,5.0,18.251999999999995,1
0.0,1.0,0.0,1.0,1.0,0.0,1831.143,5.0,13.688000000000002,0
1.0,0.0,1.0,0.0,1.0,0.0,1841.996,5.0,2.835000000000001,0
1.0,0.0,1.0,0.0,0.0,1.0,1817.407,5.0,11.631999999999998,1
1.0,0.0,0.0,1.0,0.0,1.0,1839.587,5.0,5.244,0
1.0,0.0,0.0,1.0,1.0,0.0,1788.925,5.0,10.906,0
1.0,0.0,1.0,0.0,1.0,0.0,1791.384,5.0,0.7000000000000028,1
1.0,0.0,1.0,0.0,0.0,1.0,1822.45,5.0,20.552000000000007,1
1.0,0.0,1.0,0.0,0.0,1.0,1831.305,5.0,13.526000000000003,0
1.0,0.0,0.0,1.0,1.0,0.0,1778.771,5.0,10.317999999999998,1
0.0,1.0,1.0,0.0,1.0,0.0,1788.616,5.0,30.0,0
0.0,1.0,1.0,0.0,0.0,1.0,1814.004,5.0,4.341000000000001,1
0.0,1.0,1.0,0.0,0.0,1.0,1837.522,5.0,0.3079999999999998,0
1.0,0.0,1.0,0.0,1.0,0.0,1764.235,5.0,2.7150000000000034,0
0.0,1.0,0.0,1.0,1.0,0.0,1819.661,5.0,10.838,1
1.0,0.0,1.0,0.0,1.0,0.0,1789.407,5.0,4.887999999999998,0
1.0,0.0,0.0,1.0,1.0,0.0,1774.612,5.0,17.354,1
1.0,0.0,0.0,1.0,1.0,0.0,1777.711,5.0,22.444000000000003,1
0.0,1.0,1.0,0.0,1.0,0.0,1783.704,5.0,29.995000000000005,1
1.0,0.0,1.0,0.0,0.0,1.0,1781.166,5.0,20.836,1
0.0,1.0,0.0,1.0,0.0,1.0,1767.775,5.0,4.055999999999997,0
1.0,0.0,0.0,1.0,0.0,1.0,1805.062,5.0,23.194000000000003,1
0.0,1.0,1.0,0.0,1.0,0.0,1831.767,5.0,9.072000000000005,1
1.0,0.0,1.0,0.0,0.0,1.0,1763.595,5.0,4.527000000000001,1
0.0,1.0,1.0,0.0,1.0,0.0,1812.635,5.0,28.094,1
1.0,0.0,1.0,0.0,0.0,1.0,1821.347,5.0,3.3029999999999973,1
0.0,1.0,0.0,1.0,0.0,1.0,1784.893,5.0,27.552000000000007,1
1.0,0.0,0.0,1.0,0.0,1.0,1787.165,5.0,16.179000000000002,1
0.0,1.0,1.0,0.0,0.0,1.0,1798.683,5.0,4.648000000000003,1
0.0,1.0,1.0,0.0,1.0,0.0,1763.228,5.0,10.709000000000003,1
1.0,0.0,1.0,0.0,0.0,1.0,1816.129,5.0,2.9990000000000023,1
0.0,1.0,1.0,0.0,0.0,1.0,1807.852,5.0,25.510000000000005,1
0.0,1.0,1.0,0.0,1.0,0.0,1819.502,5.0,12.366,1
0.0,1.0,1.0,0.0,1.0,0.0,1824.583,5.0,20.248000000000005,0
0.0,1.0,1.0,0.0,0.0,1.0,1818.012,5.0,5.969999999999999,1
1.0,0.0,1.0,0.0,0.0,1.0,1828.808,5.0,16.022999999999996,0
1.0,0.0,1.0,0.0,1.0,0.0,1768.101,5.0,29.901,1
0.0,1.0,1.0,0.0,0.0,1.0,1769.812,5.0,19.703000000000003,0
1.0,0.0,1.0,0.0,1.0,0.0,1800.912,5.0,7.451,1
0.0,1.0,1.0,0.0,1.0,0.0,1821.202,5.0,23.629000000000005,0
1.0,0.0,1.0,0.0,0.0,1.0,1817.988,5.0,26.843000000000004,0
0.0,1.0,1.0,0.0,0.0,1.0,1818.546,5.0,11.201999999999998,0
1.0,0.0,1.0,0.0,0.0,1.0,1822.363,5.0,16.709999999999994,1
1.0,0.0,1.0,0.0,0.0,1.0,1800.832,5.0,11.999000000000002,0
0.0,1.0,1.0,0.0,1.0,0.0,1776.115,5.0,30.0,0
1.0,0.0,1.0,0.0,0.0,1.0,1776.791,5.0,28.322000000000003,1
0.0,1.0,1.0,0.0,0.0,1.0,1815.641,5.0,29.19,0
1.0,0.0,1.0,0.0,0.0,1.0,1816.597,5.0,28.233999999999995,0
1.0,0.0,0.0,1.0,0.0,1.0,1824.301,5.0,19.758,1
0.0,1.0,1.0,0.0,0.0,1.0,1822.081,5.0,22.75,0
1.0,0.0,1.0,0.0,0.0,1.0,1825.582,5.0,19.248000000000005,0
1.0,0.0,1.0,0.0,0.0,1.0,1816.786,5.0,7.045999999999999,0
0.0,1.0,1.0,0.0,1.0,0.0,1765.771,5.0,3.3359999999999985,1
1.0,0.0,1.0,0.0,1.0,0.0,1768.23,5.0,14.646,1
0.0,1.0,1.0,0.0,1.0,0.0,1778.327,5.0,1.061,0
0.0,1.0,0.0,1.0,1.0,0.0,1792.966,5.0,19.180000000000007,1
0.0,1.0,1.0,0.0,1.0,0.0,1794.686,5.0,6.969000000000001,1
1.0,0.0,1.0,0.0,1.0,0.0,1797.172,5.0,3.094999999999999,1
0.0,1.0,0.0,1.0,0.0,1.0,1772.687,5.0,17.564999999999998,1
1.0,0.0,0.0,1.0,1.0,0.0,1810.133,5.0,18.088,1
0.0,1.0,1.0,0.0,1.0,0.0,1836.83,5.0,8.000999999999998,0
0.0,1.0,1.0,0.0,0.0,1.0,1819.789,5.0,23.834000000000003,1
1.0,0.0,1.0,0.0,1.0,0.0,1813.774,5.0,30.0,0
0.0,1.0,1.0,0.0,0.0,1.0,1765.81,5.0,1.466000000000001,1
1.0,0.0,1.0,0.0,0.0,1.0,1777.552,5.0,2.2790000000000035,1
1.0,0.0,1.0,0.0,1.0,0.0,1803.439,5.0,15.744,1
1.0,0.0,1.0,0.0,0.0,1.0,1776.345,5.0,16.945999999999998,1
0.0,1.0,1.0,0.0,1.0,0.0,1816.698,5.0,25.254999999999995,1
1.0,0.0,1.0,0.0,0.0,1.0,1803.094,5.0,22.873000000000005,1
1.0,0.0,1.0,0.0,1.0,0.0,1822.47,5.0,18.966,0
0.0,1.0,1.0,0.0,1.0,0.0,1811.978,5.0,28.03700000000001,1
1.0,0.0,1.0,0.0,0.0,1.0,1791.157,5.0,27.029,1
1.0,0.0,1.0,0.0,1.0,0.0,1820.219,5.0,24.611999999999995,0
0.0,1.0,1.0,0.0,0.0,1.0,1840.457,5.0,1.3729999999999976,0
1.0,0.0,1.0,0.0,1.0,0.0,1806.253,5.0,8.308,1
0.0,1.0,1.0,0.0,1.0,0.0,1807.162,5.0,15.774,0
1.0,0.0,1.0,0.0,1.0,0.0,1809.336,5.0,14.793999999999995,1
1.0,0.0,1.0,0.0,0.0,1.0,1829.739,5.0,15.092,0
1.0,0.0,1.0,0.0,0.0,1.0,1763.688,5.0,17.242000000000004,1
0.0,1.0,1.0,0.0,1.0,0.0,1803.184,5.0,6.761000000000003,1
0.0,1.0,1.0,0.0,1.0,0.0,1816.485,5.0,26.589,1
1.0,0.0,1.0,0.0,0.0,1.0,1791.083,5.0,30.0,0
1.0,0.0,1.0,0.0,0.0,1.0,1785.435,5.0,30.0,0
1.0,0.0,1.0,0.0,1.0,0.0,1816.148,5.0,28.683000000000007,0
1.0,0.0,0.0,1.0,1.0,0.0,1812.775,5.0,28.239999999999995,1
1.0,0.0,1.0,0.0,1.0,0.0,1823.288,5.0,1.5429999999999993,0
1.0,0.0,1.0,0.0,1.0,0.0,1803.255,5.0,24.168000000000006,1
0.0,1.0,1.0,0.0,1.0,0.0,1782.324,5.0,17.644000000000005,1
0.0,1.0,1.0,0.0,1.0,0.0,1833.996,5.0,2.835000000000001,0
0.0,1.0,1.0,0.0,0.0,1.0,1767.852,5.0,24.697000000000003,1
0.0,1.0,1.0,0.0,0.0,1.0,1772.509,5.0,21.65000000000001,1
1.0,0.0,1.0,0.0,0.0,1.0,1773.544,5.0,2.183,1
1.0,0.0,0.0,1.0,0.0,1.0,1779.28,5.0,15.552000000000008,0
0.0,1.0,1.0,0.0,1.0,0.0,1824.797,5.0,20.03400000000001,0
0.0,1.0,1.0,0.0,1.0,0.0,1763.751,5.0,17.149,1
0.0,1.0,0.0,1.0,1.0,0.0,1766.877,5.0,21.53700000000001,1
1.0,0.0,0.0,1.0,1.0,0.0,1780.704,5.0,3.128,0
1.0,0.0,0.0,1.0,1.0,0.0,1783.948,5.0,15.406999999999996,1
1.0,0.0,0.0,1.0,0.0,1.0,1834.752,5.0,10.079,0
1.0,0.0,1.0,0.0,1.0,0.0,1789.279,5.0,24.015,1
0.0,1.0,1.0,0.0,1.0,0.0,1799.403,5.0,22.085,1
1.0,0.0,1.0,0.0,1.0,0.0,1795.838,5.0,10.789,1
0.0,1.0,1.0,0.0,0.0,1.0,1829.596,5.0,2.905999999999999,1
1.0,0.0,1.0,0.0,1.0,0.0,1781.572,5.0,17.617000000000004,1
1.0,0.0,1.0,0.0,0.0,1.0,1800.627,5.0,15.566000000000004,1
0.0,1.0,1.0,0.0,1.0,0.0,1832.175,5.0,4.939999999999998,1
1.0,0.0,1.0,0.0,0.0,1.0,1833.728,5.0,8.103000000000002,0
1.0,0.0,0.0,1.0,1.0,0.0,1772.43,5.0,14.941999999999991,1
0.0,1.0,1.0,0.0,1.0,0.0,1818.678,5.0,19.837000000000003,1
1.0,0.0,1.0,0.0,1.0,0.0,1822.089,5.0,12.335,1
1.0,0.0,1.0,0.0,1.0,0.0,1780.082,5.0,17.912000000000006,1
1.0,0.0,1.0,0.0,1.0,0.0,1819.888,5.0,24.943,0
0.0,1.0,1.0,0.0,0.0,1.0,1825.897,5.0,14.933999999999996,0
1.0,0.0,1.0,0.0,0.0,1.0,1821.758,5.0,6.216000000000001,1
1.0,0.0,1.0,0.0,0.0,1.0,1844.211,5.0,0.6199999999999974,0
1.0,0.0,1.0,0.0,1.0,0.0,1794.116,5.0,4.756999999999998,1
0.0,1.0,0.0,1.0,1.0,0.0,1795.964,5.0,17.290999999999997,1
0.0,1.0,1.0,0.0,1.0,0.0,1821.643,5.0,17.458,1
0.0,1.0,1.0,0.0,1.0,0.0,1779.611,5.0,10.975,1
0.0,1.0,0.0,1.0,1.0,0.0,1785.812,5.0,11.673000000000002,1
1.0,0.0,1.0,0.0,1.0,0.0,1796.235,5.0,25.636,1
0.0,1.0,1.0,0.0,0.0,1.0,1789.295,5.0,29.974999999999994,1
1.0,0.0,1.0,0.0,0.0,1.0,1788.693,5.0,25.332,1
0.0,1.0,1.0,0.0,1.0,0.0,1820.849,5.0,23.982,0
1.0,0.0,1.0,0.0,0.0,1.0,1823.871,5.0,15.617999999999997,1
0.0,1.0,1.0,0.0,0.0,1.0,1827.54,5.0,13.290999999999997,0
0.0,1.0,1.0,0.0,0.0,1.0,1810.248,5.0,8.585,0
0.0,1.0,1.0,0.0,0.0,1.0,1825.791,5.0,19.040000000000006,0
1.0,0.0,1.0,0.0,0.0,1.0,1825.854,5.0,18.977000000000004,0
1.0,0.0,0.0,1.0,0.0,1.0,1832.832,5.0,3.3200000000000003,1
0.0,1.0,1.0,0.0,0.0,1.0,1835.31,5.0,9.521,0
1.0,0.0,1.0,0.0,0.0,1.0,1838.943,5.0,5.887999999999998,0
1.0,0.0,1.0,0.0,1.0,0.0,1825.385,5.0,7.9709999999999965,1
0.0,1.0,0.0,1.0,1.0,0.0,1804.627,5.0,25.521,1
0.0,1.0,1.0,0.0,1.0,0.0,1764.849,5.0,19.785,1
0.0,1.0,1.0,0.0,0.0,1.0,1763.157,5.0,26.687,1
0.0,1.0,1.0,0.0,1.0,0.0,1800.786,5.0,12.344,1
0.0,1.0,1.0,0.0,0.0,1.0,1776.435,5.0,14.211,1
1.0,0.0,0.0,1.0,0.0,1.0,1810.289,5.0,26.129000000000005,1
0.0,1.0,1.0,0.0,1.0,0.0,1839.283,5.0,1.2090000000000032,0
0.0,1.0,0.0,1.0,0.0,1.0,1804.183,5.0,30.0,0
1.0,0.0,0.0,1.0,0.0,1.0,1806.995,5.0,30.0,0
0.0,1.0,1.0,0.0,1.0,0.0,1816.608,5.0,28.223,0
0.0,1.0,1.0,0.0,0.0,1.0,1805.5,5.0,30.0,0
0.0,1.0,0.0,1.0,1.0,0.0,1781.426,5.0,5.649999999999999,1
1.0,0.0,0.0,1.0,1.0,0.0,1792.641,5.0,13.636000000000005,1
0.0,1.0,0.0,1.0,1.0,0.0,1783.044,5.0,24.491,1
0.0,1.0,1.0,0.0,1.0,0.0,1793.703,5.0,14.388999999999996,1
1.0,0.0,0.0,1.0,1.0,0.0,1774.831,5.0,12.779000000000003,1
0.0,1.0,1.0,0.0,0.0,1.0,1785.388,5.0,8.648000000000003,1
1.0,0.0,1.0,0.0,0.0,1.0,1788.928,5.0,28.437,1
0.0,1.0,1.0,0.0,0.0,1.0,1773.144,5.0,24.779,1
1.0,0.0,1.0,0.0,0.0,1.0,1764.312,5.0,30.0,0
0.0,1.0,1.0,0.0,0.0,1.0,1764.17,5.0,7.661999999999999,0
0.0,1.0,1.0,0.0,0.0,1.0,1779.121,5.0,2.901000000000004,1
1.0,0.0,1.0,0.0,0.0,1.0,1835.452,5.0,9.378999999999998,0
1.0,0.0,1.0,0.0,0.0,1.0,1825.38,5.0,19.451,0
0.0,1.0,0.0,1.0,0.0,1.0,1812.983,5.0,27.024,1
0.0,1.0,1.0,0.0,1.0,0.0,1836.958,5.0,7.872999999999997,0
1.0,0.0,1.0,0.0,0.0,1.0,1814.015,5.0,26.53100000000001,1
1.0,0.0,1.0,0.0,1.0,0.0,1835.127,5.0,5.420000000000002,0
1.0,0.0,1.0,0.0,1.0,0.0,1837.095,5.0,3.4510000000000005,0
0.0,1.0,1.0,0.0,1.0,0.0,1811.978,5.0,10.920000000000002,1
1.0,0.0,0.0,1.0,1.0,0.0,1823.458,5.0,10.487000000000002,1
1.0,0.0,0.0,1.0,1.0,0.0,1774.637,5.0,14.968999999999994,1
0.0,1.0,0.0,1.0,0.0,1.0,1779.713,5.0,26.197000000000003,1
0.0,1.0,1.0,0.0,0.0,1.0,1828.047,5.0,8.783999999999999,0
1.0,0.0,1.0,0.0,0.0,1.0,1830.012,5.0,6.819000000000003,0
0.0,1.0,1.0,0.0,1.0,0.0,1772.372,5.0,27.858999999999995,1
0.0,1.0,1.0,0.0,1.0,0.0,1775.546,5.0,19.588,1
0.0,1.0,0.0,1.0,0.0,1.0,1778.053,5.0,14.218999999999994,1
0.0,1.0,1.0,0.0,1.0,0.0,1830.626,5.0,14.204999999999998,0
0.0,1.0,1.0,0.0,1.0,0.0,1833.889,5.0,10.942,0
0.0,1.0,0.0,1.0,1.0,0.0,1776.966,5.0,30.0,0
0.0,1.0,0.0,1.0,1.0,0.0,1799.209,5.0,26.011,1
1.0,0.0,1.0,0.0,1.0,0.0,1801.265,5.0,18.567,0
0.0,1.0,0.0,1.0,0.0,1.0,1766.916,5.0,19.596000000000004,1
1.0,0.0,1.0,0.0,0.0,1.0,1771.975,5.0,30.0,0
0.0,1.0,1.0,0.0,0.0,1.0,1794.732,5.0,4.384999999999998,1
0.0,1.0,0.0,1.0,1.0,0.0,1784.934,5.0,23.207,1
0.0,1.0,1.0,0.0,1.0,0.0,1810.327,5.0,19.117000000000004,1
0.0,1.0,1.0,0.0,0.0,1.0,1808.413,5.0,28.604,1
1.0,0.0,1.0,0.0,0.0,1.0,1809.837,5.0,30.0,0
0.0,1.0,1.0,0.0,0.0,1.0,1837.725,5.0,7.106000000000002,0
1.0,0.0,1.0,0.0,1.0,0.0,1805.415,5.0,30.0,0
1.0,0.0,1.0,0.0,0.0,1.0,1816.841,5.0,0.5110000000000028,1
0.0,1.0,1.0,0.0,0.0,1.0,1824.4,5.0,1.4309999999999974,0
1.0,0.0,1.0,0.0,0.0,1.0,1791.825,5.0,6.067999999999998,1
1.0,0.0,1.0,0.0,0.0,1.0,1829.257,5.0,15.573999999999998,0
0.0,1.0,1.0,0.0,0.0,1.0,1772.977,5.0,30.0,0
0.0,1.0,1.0,0.0,1.0,0.0,1796.695,5.0,30.0,0
0.0,1.0,1.0,0.0,1.0,0.0,1798.754,5.0,11.566000000000004,0
1.0,0.0,1.0,0.0,1.0,0.0,1807.31,5.0,30.0,0
1.0,0.0,1.0,0.0,1.0,0.0,1795.176,5.0,13.003,1
1.0,0.0,1.0,0.0,1.0,0.0,1817.424,5.0,9.28,1
1.0,0.0,0.0,1.0,1.0,0.0,1828.997,5.0,12.834000000000003,0
0.0,1.0,1.0,0.0,0.0,1.0,1766.47,5.0,22.441000000000003,1
1.0,0.0,1.0,0.0,1.0,0.0,1776.515,5.0,27.476,1
1.0,0.0,1.0,0.0,0.0,1.0,1766.396,5.0,16.846999999999994,1
0.0,1.0,1.0,0.0,1.0,0.0,1810.152,5.0,24.155,1
0.0,1.0,0.0,1.0,1.0,0.0,1818.431,5.0,26.422,0
0.0,1.0,1.0,0.0,1.0,0.0,1774.486,5.0,21.773,1
1.0,0.0,1.0,0.0,1.0,0.0,1803.91,5.0,30.0,0
0.0,1.0,1.0,0.0,0.0,1.0,1817.125,5.0,14.010999999999996,1
0.0,1.0,1.0,0.0,1.0,0.0,1844.731,5.0,0.1000000000000014,0
0.0,1.0,1.0,0.0,1.0,0.0,1775.74,5.0,15.584999999999994,1
1.0,0.0,1.0,0.0,1.0,0.0,1805.541,5.0,3.445999999999998,0
1.0,0.0,1.0,0.0,1.0,0.0,1807.836,5.0,16.236999999999995,1
0.0,1.0,0.0,1.0,0.0,1.0,1799.956,5.0,24.105000000000004,1
1.0,0.0,1.0,0.0,0.0,1.0,1767.162,5.0,28.094,1
0.0,1.0,1.0,0.0,0.0,1.0,1839.42,5.0,5.411000000000001,0
0.0,1.0,1.0,0.0,1.0,0.0,1778.702,5.0,5.454999999999998,0
1.0,0.0,1.0,0.0,1.0,0.0,1782.831,5.0,1.3260000000000003,0
0.0,1.0,0.0,1.0,1.0,0.0,1786.524,5.0,27.599000000000004,1
1.0,0.0,1.0,0.0,0.0,1.0,1773.363,5.0,0.6009999999999991,0
0.0,1.0,0.0,1.0,1.0,0.0,1794.836,5.0,25.870999999999995,1
1.0,0.0,1.0,0.0,1.0,0.0,1799.978,5.0,3.6510000000000034,1
0.0,1.0,1.0,0.0,1.0,0.0,1802.905,5.0,16.875,1
0.0,1.0,0.0,1.0,0.0,1.0,1779.483,5.0,11.927,1
1.0,0.0,1.0,0.0,0.0,1.0,1764.893,5.0,30.0,0
1.0,0.0,0.0,1.0,1.0,0.0,1777.101,5.0,24.215000000000003,1
1.0,0.0,1.0,0.0,1.0,0.0,1811.329,5.0,3.5219999999999985,1
0.0,1.0,1.0,0.0,1.0,0.0,1777.314,5.0,30.0,0
0.0,1.0,1.0,0.0,1.0,0.0,1782.757,5.0,14.345,1
0.0,1.0,1.0,0.0,1.0,0.0,1785.624,5.0,0.2070000000000007,0
0.0,1.0,1.0,0.0,0.0,1.0,1812.808,5.0,15.573999999999998,1
1.0,0.0,0.0,1.0,0.0,1.0,1770.645,5.0,10.630000000000004,1
0.0,1.0,0.0,1.0,1.0,0.0,1771.066,5.0,11.607,1
0.0,1.0,1.0,0.0,1.0,0.0,1777.257,5.0,24.664,1
1.0,0.0,1.0,0.0,1.0,0.0,1788.008,5.0,4.165999999999997,1
1.0,0.0,1.0,0.0,1.0,0.0,1799.984,5.0,30.0,0
0.0,1.0,1.0,0.0,0.0,1.0,1809.996,5.0,19.517,1
1.0,0.0,1.0,0.0,1.0,0.0,1828.394,5.0,16.436999999999998,0
1.0,0.0,1.0,0.0,1.0,0.0,1774.048,5.0,2.564,1
1.0,0.0,1.0,0.0,1.0,0.0,1838.426,5.0,6.405000000000001,0
0.0,1.0,1.0,0.0,1.0,0.0,1844.057,5.0,0.7730000000000032,0
0.0,1.0,1.0,0.0,1.0,0.0,1774.426,5.0,28.921000000000006,1
0.0,1.0,0.0,1.0,0.0,1.0,1778.322,5.0,30.0,0
1.0,0.0,0.0,1.0,0.0,1.0,1783.88,5.0,4.277999999999999,1
0.0,1.0,1.0,0.0,1.0,0.0,1815.562,5.0,3.270000000000003,1
1.0,0.0,1.0,0.0,1.0,0.0,1819.406,5.0,16.712999999999994,1
1.0,0.0,0.0,1.0,1.0,0.0,1799.274,5.0,26.75,1
0.0,1.0,1.0,0.0,1.0,0.0,1809.298,5.0,7.915999999999997,1
0.0,1.0,1.0,0.0,1.0,0.0,1815.554,5.0,21.921000000000006,1
1.0,0.0,0.0,1.0,0.0,1.0,1781.886,5.0,26.004999999999995,1
0.0,1.0,0.0,1.0,0.0,1.0,1796.186,5.0,17.953000000000003,1
1.0,0.0,1.0,0.0,1.0,0.0,1809.889,5.0,21.277,1
1.0,0.0,1.0,0.0,1.0,0.0,1838.231,5.0,4.984000000000002,1
0.0,1.0,0.0,1.0,1.0,0.0,1763.318,5.0,8.753999999999998,1
0.0,1.0,1.0,0.0,1.0,0.0,1835.192,5.0,9.639000000000005,0
0.0,1.0,0.0,1.0,1.0,0.0,1777.279,5.0,30.0,0
1.0,0.0,1.0,0.0,1.0,0.0,1834.516,5.0,2.3149999999999977,0
1.0,0.0,1.0,0.0,1.0,0.0,1793.109,5.0,18.11,1
0.0,1.0,1.0,0.0,1.0,0.0,1831.956,5.0,5.874000000000002,0
1.0,0.0,1.0,0.0,1.0,0.0,1796.559,5.0,19.754999999999995,1
1.0,0.0,1.0,0.0,1.0,0.0,1807.285,5.0,25.688,1
0.0,1.0,1.0,0.0,0.0,1.0,1779.244,5.0,13.290999999999997,1
1.0,0.0,1.0,0.0,0.0,1.0,1775.444,5.0,21.31,1
1.0,0.0,1.0,0.0,1.0,0.0,1833.697,5.0,8.323999999999998,0
1.0,0.0,0.0,1.0,1.0,0.0,1836.422,5.0,8.408999999999999,0
1.0,0.0,1.0,0.0,1.0,0.0,1840.183,5.0,1.8960000000000008,1
1.0,0.0,1.0,0.0,1.0,0.0,1772.238,5.0,23.823,1
1.0,0.0,0.0,1.0,1.0,0.0,1799.589,5.0,30.0,0
0.0,1.0,1.0,0.0,0.0,1.0,1809.812,5.0,4.771000000000001,1
0.0,1.0,0.0,1.0,0.0,1.0,1815.515,5.0,29.474000000000004,1
1.0,0.0,1.0,0.0,0.0,1.0,1817.024,5.0,27.966,0
1.0,0.0,1.0,0.0,1.0,0.0,1770.286,5.0,23.925,1
0.0,1.0,1.0,0.0,1.0,0.0,1774.593,5.0,10.548000000000002,1
1.0,0.0,1.0,0.0,1.0,0.0,1779.622,5.0,10.679000000000002,1
0.0,1.0,0.0,1.0,0.0,1.0,1778.576,5.0,12.653,1
0.0,1.0,0.0,1.0,1.0,0.0,1812.027,5.0,28.464,1
0.0,1.0,1.0,0.0,0.0,1.0,1793.569,5.0,8.786999999999999,1
0.0,1.0,1.0,0.0,0.0,1.0,1795.756,5.0,19.574,1
0.0,1.0,1.0,0.0,1.0,0.0,1826.078,5.0,18.753,0
1.0,0.0,1.0,0.0,1.0,0.0,1828.29,5.0,16.540999999999997,0
1.0,0.0,1.0,0.0,0.0,1.0,1793.886,5.0,3.9470000000000014,1
0.0,1.0,1.0,0.0,0.0,1.0,1821.065,5.0,18.126000000000005,1
1.0,0.0,1.0,0.0,0.0,1.0,1831.611,5.0,5.170000000000002,1
0.0,1.0,1.0,0.0,1.0,0.0,1768.531,5.0,11.322000000000005,1
1.0,0.0,1.0,0.0,1.0,0.0,1771.187,5.0,21.704,1
1.0,0.0,1.0,0.0,1.0,0.0,1773.541,5.0,19.848,1
0.0,1.0,1.0,0.0,1.0,0.0,1826.103,5.0,16.040000000000006,1
1.0,0.0,1.0,0.0,1.0,0.0,1837.84,5.0,6.991,0
1.0,0.0,1.0,0.0,0.0,1.0,1801.435,5.0,13.753999999999998,1
0.0,1.0,1.0,0.0,1.0,0.0,1834.53,5.0,2.9450000000000003,0
1.0,0.0,0.0,1.0,1.0,0.0,1781.725,5.0,25.075000000000003,1
1.0,0.0,1.0,0.0,1.0,0.0,1804.454,5.0,29.53700000000001,1
1.0,0.0,1.0,0.0,1.0,0.0,1771.431,5.0,19.446,1
0.0,1.0,0.0,1.0,0.0,1.0,1800.95,5.0,18.854,1
0.0,1.0,0.0,1.0,1.0,0.0,1832.164,5.0,12.667000000000002,0
0.0,1.0,1.0,0.0,1.0,0.0,1835.893,5.0,6.939,0
1.0,0.0,1.0,0.0,0.0,1.0,1793.476,5.0,2.478999999999999,1
1.0,0.0,1.0,0.0,1.0,0.0,1797.424,5.0,0.3079999999999998,1
0.0,1.0,1.0,0.0,1.0,0.0,1819.129,5.0,25.702,0
1.0,0.0,1.0,0.0,1.0,0.0,1769.446,5.0,2.386000000000003,0
0.0,1.0,1.0,0.0,0.0,1.0,1785.58,5.0,7.374000000000002,1
1.0,0.0,1.0,0.0,0.0,1.0,1791.091,5.0,6.530999999999999,1
0.0,1.0,1.0,0.0,1.0,0.0,1816.205,5.0,8.097000000000001,1
1.0,0.0,0.0,1.0,0.0,1.0,1823.447,5.0,21.384,0
1.0,0.0,0.0,1.0,1.0,0.0,1820.068,5.0,12.771,1
1.0,0.0,0.0,1.0,1.0,0.0,1771.184,5.0,21.658,1
1.0,0.0,0.0,1.0,1.0,0.0,1777.013,5.0,10.786,1
1.0,0.0,1.0,0.0,1.0,0.0,1773.112,5.0,9.203000000000005,0
0.0,1.0,0.0,1.0,1.0,0.0,1834.363,5.0,3.0159999999999982,1
0.0,1.0,0.0,1.0,1.0,0.0,1839.466,5.0,5.365000000000002,0
0.0,1.0,0.0,1.0,1.0,0.0,1842.078,5.0,2.753,0
0.0,1.0,1.0,0.0,0.0,1.0,1835.343,5.0,9.488,0
1.0,0.0,1.0,0.0,1.0,0.0,1763.953,5.0,27.339,1
1.0,0.0,1.0,0.0,1.0,0.0,1768.06,5.0,30.0,0
1.0,0.0,1.0,0.0,1.0,0.0,1771.091,5.0,18.569000000000003,1
0.0,1.0,1.0,0.0,1.0,0.0,1782.051,5.0,18.057,1
0.0,1.0,1.0,0.0,1.0,0.0,1777.681,5.0,12.423000000000002,1
1.0,0.0,1.0,0.0,0.0,1.0,1813.654,5.0,2.1779999999999973,0
0.0,1.0,1.0,0.0,0.0,1.0,1767.923,5.0,11.372,1
1.0,0.0,1.0,0.0,0.0,1.0,1778.286,5.0,15.409999999999997,1
0.0,1.0,0.0,1.0,0.0,1.0,1790.615,5.0,14.596999999999994,1
0.0,1.0,0.0,1.0,1.0,0.0,1819.091,5.0,25.739999999999995,0
1.0,0.0,1.0,0.0,1.0,0.0,1829.9,5.0,14.930999999999996,0
0.0,1.0,0.0,1.0,1.0,0.0,1832.838,5.0,11.993000000000002,0
0.0,1.0,0.0,1.0,1.0,0.0,1774.157,5.0,18.15900000000001,1
1.0,0.0,0.0,1.0,1.0,0.0,1776.841,5.0,19.388000000000005,1
0.0,1.0,1.0,0.0,1.0,0.0,1796.151,5.0,8.991999999999997,1
1.0,0.0,0.0,1.0,1.0,0.0,1833.845,5.0,10.985999999999995,0
0.0,1.0,1.0,0.0,0.0,1.0,1844.005,5.0,0.8250000000000028,0
0.0,1.0,0.0,1.0,1.0,0.0,1764.903,5.0,17.003,1
1.0,0.0,1.0,0.0,1.0,0.0,1813.938,5.0,3.985,1
1.0,0.0,1.0,0.0,1.0,0.0,1822.99,5.0,21.841,0
0.0,1.0,1.0,0.0,1.0,0.0,1799.439,5.0,27.043000000000006,1
1.0,0.0,1.0,0.0,1.0,0.0,1784.422,5.0,1.6769999999999996,1
0.0,1.0,1.0,0.0,1.0,0.0,1788.342,5.0,24.680000000000007,1
1.0,0.0,1.0,0.0,1.0,0.0,1786.861,5.0,26.789,1
1.0,0.0,1.0,0.0,1.0,0.0,1803.51,5.0,28.845,1
0.0,1.0,1.0,0.0,1.0,0.0,1833.774,5.0,7.240000000000002,0
1.0,0.0,0.0,1.0,1.0,0.0,1810.664,5.0,17.86,1
1.0,0.0,1.0,0.0,1.0,0.0,1817.692,5.0,14.372,1
1.0,0.0,1.0,0.0,1.0,0.0,1766.029,5.0,11.015999999999998,1
1.0,0.0,0.0,1.0,1.0,0.0,1769.525,5.0,6.819000000000003,1
1.0,0.0,1.0,0.0,0.0,1.0,1764.096,5.0,21.733999999999995,0
0.0,1.0,1.0,0.0,0.0,1.0,1765.684,5.0,10.555999999999996,1
1.0,0.0,1.0,0.0,0.0,1.0,1772.561,5.0,30.0,0
1.0,0.0,1.0,0.0,1.0,0.0,1764.95,5.0,1.6409999999999982,0
1.0,0.0,1.0,0.0,0.0,1.0,1818.015,5.0,12.53,1
0.0,1.0,1.0,0.0,0.0,1.0,1824.66,5.0,5.170000000000002,0
1.0,0.0,1.0,0.0,1.0,0.0,1770.869,5.0,22.501000000000005,1
0.0,1.0,1.0,0.0,1.0,0.0,1763.836,5.0,30.0,0
1.0,0.0,1.0,0.0,1.0,0.0,1766.22,5.0,27.001999999999995,1
0.0,1.0,0.0,1.0,1.0,0.0,1775.187,5.0,30.0,0
0.0,1.0,0.0,1.0,1.0,0.0,1777.818,5.0,30.0,0
0.0,1.0,0.0,1.0,1.0,0.0,1782.322,5.0,21.605999999999995,1
1.0,0.0,1.0,0.0,1.0,0.0,1776.813,5.0,5.381,1
0.0,1.0,1.0,0.0,0.0,1.0,1775.253,5.0,11.418,1
1.0,0.0,1.0,0.0,0.0,1.0,1784.255,5.0,30.0,0
0.0,1.0,1.0,0.0,0.0,1.0,1805.15,5.0,30.0,0
0.0,1.0,1.0,0.0,1.0,0.0,1829.749,5.0,15.081000000000005,0
1.0,0.0,1.0,0.0,1.0,0.0,1796.183,5.0,2.936,0
1.0,0.0,1.0,0.0,1.0,0.0,1816.433,5.0,7.655999999999999,1
0.0,1.0,1.0,0.0,1.0,0.0,1821.889,5.0,22.942,0
1.0,0.0,1.0,0.0,1.0,0.0,1764.255,5.0,17.748000000000005,1
0.0,1.0,1.0,0.0,0.0,1.0,1825.413,5.0,17.698999999999998,1
0.0,1.0,0.0,1.0,1.0,0.0,1772.862,5.0,16.668999999999997,1
0.0,1.0,1.0,0.0,1.0,0.0,1781.76,5.0,25.224999999999994,1
1.0,0.0,1.0,0.0,0.0,1.0,1778.746,5.0,4.639000000000003,1
1.0,0.0,1.0,0.0,1.0,0.0,1811.444,5.0,22.873000000000005,1
1.0,0.0,1.0,0.0,1.0,0.0,1820.444,5.0,24.387,0
0.0,1.0,1.0,0.0,0.0,1.0,1788.074,5.0,30.0,0
1.0,0.0,1.0,0.0,0.0,1.0,1798.732,5.0,25.253,1
1.0,0.0,1.0,0.0,1.0,0.0,1820.86,5.0,7.295000000000002,1
1.0,0.0,1.0,0.0,1.0,0.0,1823.19,5.0,3.6430000000000007,0
0.0,1.0,1.0,0.0,1.0,0.0,1835.436,5.0,9.395000000000003,0
0.0,1.0,1.0,0.0,1.0,0.0,1839.806,5.0,5.024999999999999,0
1.0,0.0,0.0,1.0,0.0,1.0,1803.244,5.0,30.0,0
1.0,0.0,1.0,0.0,1.0,0.0,1833.927,5.0,4.274999999999999,0
0.0,1.0,1.0,0.0,0.0,1.0,1799.009,5.0,8.823,0
0.0,1.0,0.0,1.0,1.0,0.0,1766.582,5.0,13.726,1
1.0,0.0,1.0,0.0,0.0,1.0,1796.46,5.0,9.715000000000003,1
1.0,0.0,1.0,0.0,1.0,0.0,1823.343,5.0,14.86,0
0.0,1.0,1.0,0.0,1.0,0.0,1823.001,5.0,21.83,0
1.0,0.0,1.0,0.0,0.0,1.0,1775.833,5.0,23.617999999999995,1
1.0,0.0,1.0,0.0,1.0,0.0,1811.472,5.0,13.6,1
0.0,1.0,1.0,0.0,1.0,0.0,1819.565,5.0,0.5679999999999978,1
1.0,0.0,1.0,0.0,1.0,0.0,1837.996,5.0,6.835000000000001,0
0.0,1.0,0.0,1.0,1.0,0.0,1781.67,5.0,10.375,1
1.0,0.0,1.0,0.0,1.0,0.0,1828.216,5.0,10.314999999999998,1
0.0,1.0,1.0,0.0,1.0,0.0,1823.759,5.0,11.774,0
0.0,1.0,0.0,1.0,1.0,0.0,1793.834,5.0,16.233999999999995,1
0.0,1.0,1.0,0.0,0.0,1.0,1795.584,5.0,6.75,1
0.0,1.0,0.0,1.0,0.0,1.0,1773.815,5.0,25.305000000000007,1
0.0,1.0,1.0,0.0,0.0,1.0,1823.25,5.0,21.581000000000003,0
1.0,0.0,1.0,0.0,0.0,1.0,1817.908,5.0,26.923,0
0.0,1.0,1.0,0.0,1.0,0.0,1786.382,5.0,22.222,1
1.0,0.0,1.0,0.0,1.0,0.0,1812.068,5.0,5.984000000000002,1
1.0,0.0,1.0,0.0,1.0,0.0,1821.607,5.0,12.223,0
1.0,0.0,0.0,1.0,0.0,1.0,1808.545,5.0,24.741,1
0.0,1.0,1.0,0.0,1.0,0.0,1832.509,5.0,10.441000000000004,1
0.0,1.0,1.0,0.0,1.0,0.0,1825.659,5.0,19.172,0
1.0,0.0,1.0,0.0,0.0,1.0,1841.087,5.0,3.744,0
0.0,1.0,0.0,1.0,0.0,1.0,1842.502,5.0,2.3290000000000006,0
1.0,0.0,1.0,0.0,0.0,1.0,1780.372,5.0,17.622,1
0.0,1.0,1.0,0.0,0.0,1.0,1791.759,5.0,20.504999999999995,1
1.0,0.0,1.0,0.0,0.0,1.0,1790.223,5.0,30.0,0
1.0,0.0,1.0,0.0,1.0,0.0,1823.34,5.0,21.491,0
1.0,0.0,1.0,0.0,0.0,1.0,1805.884,5.0,23.120000000000005,1
1.0,0.0,1.0,0.0,0.0,1.0,1822.839,5.0,21.992000000000004,0
0.0,1.0,1.0,0.0,0.0,1.0,1844.827,5.0,0.0039999999999977,0
0.0,1.0,1.0,0.0,0.0,1.0,1802.185,5.0,2.9279999999999973,1
0.0,1.0,1.0,0.0,1.0,0.0,1781.823,5.0,25.57,1
1.0,0.0,0.0,1.0,1.0,0.0,1826.872,5.0,17.959000000000003,0
1.0,0.0,0.0,1.0,1.0,0.0,1833.511,5.0,3.3200000000000003,0
0.0,1.0,0.0,1.0,0.0,1.0,1799.863,5.0,27.955,1
1.0,0.0,0.0,1.0,0.0,1.0,1797.002,5.0,6.301000000000002,1
0.0,1.0,1.0,0.0,0.0,1.0,1770.089,5.0,22.254999999999995,1
0.0,1.0,1.0,0.0,0.0,1.0,1815.387,5.0,26.049000000000007,1
1.0,0.0,1.0,0.0,0.0,1.0,1791.554,5.0,13.661,1
0.0,1.0,1.0,0.0,1.0,0.0,1764.695,5.0,30.0,0
1.0,0.0,1.0,0.0,1.0,0.0,1778.319,5.0,5.808,0
0.0,1.0,0.0,1.0,1.0,0.0,1791.387,5.0,30.0,0
1.0,0.0,0.0,1.0,1.0,0.0,1792.693,5.0,0.3789999999999978,1
1.0,0.0,0.0,1.0,1.0,0.0,1841.161,5.0,3.6700000000000017,0
0.0,1.0,1.0,0.0,0.0,1.0,1801.799,5.0,30.0,0
0.0,1.0,1.0,0.0,1.0,0.0,1781.322,5.0,26.301,1
1.0,0.0,1.0,0.0,1.0,0.0,1819.789,5.0,25.042,0
0.0,1.0,0.0,1.0,0.0,1.0,1822.382,5.0,22.449,0
1.0,0.0,0.0,1.0,0.0,1.0,1825.714,5.0,19.117000000000004,0
1.0,0.0,1.0,0.0,1.0,0.0,1800.646,5.0,22.649,1
0.0,1.0,1.0,0.0,0.0,1.0,1814.804,5.0,15.503,1
0.0,1.0,0.0,1.0,1.0,0.0,1844.706,5.0,0.125,0
1.0,0.0,1.0,0.0,0.0,1.0,1815.997,5.0,21.40900000000001,1
0.0,1.0,1.0,0.0,0.0,1.0,1819.633,5.0,22.925,1
0.0,1.0,1.0,0.0,0.0,1.0,1767.565,5.0,1.2550000000000026,0
1.0,0.0,1.0,0.0,1.0,0.0,1808.345,5.0,30.0,0
1.0,0.0,1.0,0.0,1.0,0.0,1827.086,5.0,17.745000000000005,0
0.0,1.0,1.0,0.0,0.0,1.0,1835.173,5.0,9.658,0
1.0,0.0,1.0,0.0,1.0,0.0,1809.369,5.0,20.533,1
0.0,1.0,1.0,0.0,0.0,1.0,1793.509,5.0,4.749000000000002,1
0.0,1.0,1.0,0.0,1.0,0.0,1821.93,5.0,4.902000000000001,0
0.0,1.0,1.0,0.0,1.0,0.0,1829.739,5.0,15.092,0
1.0,0.0,1.0,0.0,1.0,0.0,1842.283,5.0,2.548000000000002,0
0.0,1.0,0.0,1.0,1.0,0.0,1837.103,5.0,7.194000000000003,1
0.0,1.0,1.0,0.0,1.0,0.0,1771.945,5.0,19.971000000000004,1
0.0,1.0,1.0,0.0,0.0,1.0,1817.796,5.0,27.035,0
1.0,0.0,1.0,0.0,0.0,1.0,1815.088,5.0,29.742999999999995,0
1.0,0.0,1.0,0.0,1.0,0.0,1805.99,5.0,30.0,0
1.0,0.0,1.0,0.0,0.0,1.0,1779.502,5.0,3.4099999999999966,1
0.0,1.0,1.0,0.0,0.0,1.0,1821.889,5.0,22.942,0
1.0,0.0,1.0,0.0,0.0,1.0,1822.576,5.0,22.254999999999995,0
0.0,1.0,1.0,0.0,0.0,1.0,1834.376,5.0,2.4540000000000006,0
0.0,1.0,1.0,0.0,0.0,1.0,1834.294,5.0,10.427,1
0.0,1.0,1.0,0.0,0.0,1.0,1794.404,5.0,4.9510000000000005,1
1.0,0.0,1.0,0.0,0.0,1.0,1791.964,5.0,22.049000000000007,1
1.0,0.0,1.0,0.0,1.0,0.0,1825.711,5.0,9.531999999999996,1
0.0,1.0,1.0,0.0,0.0,1.0,1813.306,5.0,20.341,1
1.0,0.0,1.0,0.0,0.0,1.0,1833.752,5.0,1.0799999999999983,0
0.0,1.0,1.0,0.0,0.0,1.0,1825.377,5.0,12.601,1
0.0,1.0,0.0,1.0,1.0,0.0,1778.267,5.0,29.146,1
0.0,1.0,1.0,0.0,1.0,0.0,1784.192,5.0,15.319999999999991,1
0.0,1.0,1.0,0.0,1.0,0.0,1790.114,5.0,30.0,0
0.0,1.0,1.0,0.0,1.0,0.0,1824.063,5.0,20.768,0
0.0,1.0,1.0,0.0,0.0,1.0,1812.698,5.0,12.335,1
0.0,1.0,1.0,0.0,0.0,1.0,1829.262,5.0,1.0200000000000031,1
1.0,0.0,1.0,0.0,0.0,1.0,1823.639,5.0,3.2379999999999995,1
0.0,1.0,1.0,0.0,0.0,1.0,1828.939,5.0,6.295999999999999,1
1.0,0.0,1.0,0.0,0.0,1.0,1841.328,5.0,3.503,0
1.0,0.0,1.0,0.0,1.0,0.0,1784.969,5.0,16.226,1
0.0,1.0,1.0,0.0,0.0,1.0,1821.331,5.0,23.5,0
1.0,0.0,1.0,0.0,1.0,0.0,1844.186,5.0,0.6450000000000031,0
1.0,0.0,1.0,0.0,0.0,1.0,1763.398,5.0,1.814,1
0.0,1.0,1.0,0.0,0.0,1.0,1799.882,5.0,11.540999999999997,1
1.0,0.0,1.0,0.0,1.0,0.0,1827.855,5.0,12.456000000000005,0
1.0,0.0,1.0,0.0,1.0,0.0,1830.694,5.0,14.137,0
0.0,1.0,1.0,0.0,1.0,0.0,1842.686,5.0,2.145000000000003,0
1.0,0.0,1.0,0.0,1.0,0.0,1840.901,5.0,3.93,0
0.0,1.0,1.0,0.0,1.0,0.0,1843.671,5.0,0.3519999999999967,0
0.0,1.0,1.0,0.0,1.0,0.0,1767.307,5.0,10.901000000000003,1
1.0,0.0,1.0,0.0,0.0,1.0,1832.019,5.0,12.811999999999998,0
0.0,1.0,1.0,0.0,0.0,1.0,1772.482,5.0,12.009999999999998,1
0.0,1.0,1.0,0.0,1.0,0.0,1764.446,5.0,2.881999999999998,1
0.0,1.0,1.0,0.0,1.0,0.0,1772.077,5.0,9.444000000000004,1
1.0,0.0,1.0,0.0,0.0,1.0,1777.303,5.0,28.834000000000003,1
1.0,0.0,0.0,1.0,0.0,1.0,1780.326,5.0,16.852999999999994,1
0.0,1.0,0.0,1.0,1.0,0.0,1804.964,5.0,30.0,0
1.0,0.0,1.0,0.0,1.0,0.0,1811.674,5.0,22.15600000000001,0
0.0,1.0,1.0,0.0,0.0,1.0,1809.582,5.0,24.248000000000005,0
0.0,1.0,0.0,1.0,1.0,0.0,1799.324,5.0,17.775000000000006,1
0.0,1.0,1.0,0.0,0.0,1.0,1804.531,5.0,21.628,1
1.0,0.0,1.0,0.0,0.0,1.0,1817.815,5.0,15.221000000000004,1
1.0,0.0,1.0,0.0,1.0,0.0,1773.352,5.0,16.296999999999997,1
0.0,1.0,0.0,1.0,1.0,0.0,1777.29,5.0,23.955,1
1.0,0.0,0.0,1.0,1.0,0.0,1782.806,5.0,15.995999999999997,1
0.0,1.0,0.0,1.0,1.0,0.0,1802.585,5.0,8.182000000000002,1
0.0,1.0,1.0,0.0,1.0,0.0,1805.84,5.0,30.0,0
0.0,1.0,1.0,0.0,1.0,0.0,1808.517,5.0,30.0,0
1.0,0.0,1.0,0.0,1.0,0.0,1769.766,5.0,1.4799999999999969,1
0.0,1.0,1.0,0.0,1.0,0.0,1785.692,5.0,14.674000000000008,1
0.0,1.0,1.0,0.0,0.0,1.0,1844.676,5.0,0.1550000000000011,0
1.0,0.0,0.0,1.0,0.0,1.0,1782.502,5.0,6.706000000000003,1
0.0,1.0,1.0,0.0,0.0,1.0,1810.765,5.0,14.471000000000004,1
1.0,0.0,1.0,0.0,1.0,0.0,1839.573,5.0,5.258000000000003,0
0.0,1.0,1.0,0.0,0.0,1.0,1842.847,5.0,1.984000000000001,0
1.0,0.0,1.0,0.0,0.0,1.0,1836.939,5.0,7.481000000000002,1
0.0,1.0,0.0,1.0,0.0,1.0,1774.023,5.0,0.804000000000002,0
0.0,1.0,1.0,0.0,1.0,0.0,1773.095,5.0,30.0,0
0.0,1.0,1.0,0.0,0.0,1.0,1771.91,5.0,4.341000000000001,1
0.0,1.0,1.0,0.0,1.0,0.0,1809.963,5.0,25.116,1
1.0,0.0,0.0,1.0,1.0,0.0,1819.762,5.0,24.658,1
0.0,1.0,1.0,0.0,1.0,0.0,1822.73,5.0,22.101,0
0.0,1.0,0.0,1.0,0.0,1.0,1784.728,5.0,12.582,1
1.0,0.0,0.0,1.0,0.0,1.0,1782.604,5.0,24.637,1
0.0,1.0,1.0,0.0,0.0,1.0,1779.201,5.0,9.581000000000005,1
1.0,0.0,1.0,0.0,0.0,1.0,1782.171,5.0,9.789,1
1.0,0.0,1.0,0.0,1.0,0.0,1774.196,5.0,12.212000000000003,1
1.0,0.0,1.0,0.0,1.0,0.0,1781.736,5.0,0.1850000000000022,1
0.0,1.0,0.0,1.0,1.0,0.0,1780.756,5.0,1.2220000000000013,1
1.0,0.0,1.0,0.0,1.0,0.0,1796.643,5.0,9.503999999999998,1
0.0,1.0,1.0,0.0,1.0,0.0,1823.926,5.0,20.905,0
0.0,1.0,1.0,0.0,0.0,1.0,1839.685,5.0,5.146000000000001,0
1.0,0.0,1.0,0.0,1.0,0.0,1844.556,5.0,0.2749999999999986,0
0.0,1.0,1.0,0.0,0.0,1.0,1816.126,5.0,12.890999999999998,1
1.0,0.0,1.0,0.0,0.0,1.0,1823.669,5.0,15.164,0
0.0,1.0,1.0,0.0,0.0,1.0,1783.754,5.0,15.405,1
0.0,1.0,1.0,0.0,1.0,0.0,1815.316,5.0,20.768,1
0.0,1.0,1.0,0.0,0.0,1.0,1787.713,5.0,18.764,1
1.0,0.0,1.0,0.0,0.0,1.0,1785.999,5.0,28.303,1
1.0,0.0,1.0,0.0,1.0,0.0,1826.177,5.0,4.655999999999999,0
1.0,0.0,0.0,1.0,0.0,1.0,1793.624,5.0,7.18,0
1.0,0.0,1.0,0.0,1.0,0.0,1818.853,5.0,25.977999999999994,0
0.0,1.0,0.0,1.0,1.0,0.0,1821.61,5.0,23.221000000000004,0
1.0,0.0,1.0,0.0,1.0,0.0,1824.178,5.0,10.994,1
0.0,1.0,1.0,0.0,1.0,0.0,1830.784,5.0,14.046999999999995,0
0.0,1.0,1.0,0.0,1.0,0.0,1801.503,5.0,11.906,1
1.0,0.0,1.0,0.0,0.0,1.0,1797.785,5.0,18.016000000000005,1
1.0,0.0,1.0,0.0,1.0,0.0,1795.65,5.0,12.475,1
1.0,0.0,1.0,0.0,0.0,1.0,1810.637,5.0,9.496000000000002,1
0.0,1.0,0.0,1.0,1.0,0.0,1836.427,5.0,8.404000000000003,0
0.0,1.0,1.0,0.0,1.0,0.0,1842.292,5.0,2.539000000000001,0
1.0,0.0,1.0,0.0,1.0,0.0,1788.868,5.0,5.009,1
0.0,1.0,1.0,0.0,0.0,1.0,1786.675,5.0,8.557000000000002,1
1.0,0.0,1.0,0.0,0.0,1.0,1786.798,5.0,23.922,1
0.0,1.0,1.0,0.0,1.0,0.0,1817.673,5.0,11.533,1
0.0,1.0,1.0,0.0,1.0,0.0,1768.12,5.0,29.836,1
1.0,0.0,1.0,0.0,1.0,0.0,1819.732,5.0,12.1,0
0.0,1.0,1.0,0.0,1.0,0.0,1830.809,5.0,14.022000000000006,0
1.0,0.0,0.0,1.0,1.0,0.0,1798.7,5.0,9.750999999999998,1
1.0,0.0,1.0,0.0,0.0,1.0,1841.478,5.0,3.3519999999999968,0
0.0,1.0,0.0,1.0,0.0,1.0,1829.303,5.0,15.528000000000006,0
1.0,0.0,0.0,1.0,0.0,1.0,1829.864,5.0,14.965999999999994,0
1.0,0.0,1.0,0.0,1.0,0.0,1764.082,5.0,14.739000000000004,1
1.0,0.0,1.0,0.0,1.0,0.0,1766.114,5.0,20.218000000000004,1
1.0,0.0,1.0,0.0,0.0,1.0,1809.117,5.0,16.122,1
1.0,0.0,1.0,0.0,0.0,1.0,1781.005,5.0,13.116,1
0.0,1.0,1.0,0.0,0.0,1.0,1816.378,5.0,6.238,1
0.0,1.0,1.0,0.0,1.0,0.0,1836.802,5.0,8.029000000000003,0
1.0,0.0,1.0,0.0,1.0,0.0,1838.691,5.0,6.140000000000001,0
0.0,1.0,1.0,0.0,0.0,1.0,1838.779,5.0,6.100999999999999,0
1.0,0.0,0.0,1.0,0.0,1.0,1840.246,5.0,4.585000000000001,0
0.0,1.0,1.0,0.0,0.0,1.0,1799.077,5.0,22.928,1
1.0,0.0,1.0,0.0,0.0,1.0,1789.114,5.0,17.061000000000007,1
1.0,0.0,1.0,0.0,1.0,0.0,1829.311,5.0,6.520000000000003,0
0.0,1.0,1.0,0.0,1.0,0.0,1823.745,5.0,21.086,0
0.0,1.0,0.0,1.0,0.0,1.0,1771.431,5.0,30.0,0
1.0,0.0,0.0,1.0,0.0,1.0,1775.685,5.0,1.1129999999999995,1
0.0,1.0,1.0,0.0,1.0,0.0,1799.08,5.0,14.474000000000004,1
0.0,1.0,0.0,1.0,1.0,0.0,1801.681,5.0,8.292000000000002,1
1.0,0.0,1.0,0.0,1.0,0.0,1803.789,5.0,14.381,1
1.0,0.0,1.0,0.0,0.0,1.0,1766.721,5.0,16.537999999999997,1
0.0,1.0,1.0,0.0,0.0,1.0,1830.439,5.0,1.392000000000003,0
1.0,0.0,1.0,0.0,1.0,0.0,1772.049,5.0,20.149,1
1.0,0.0,1.0,0.0,0.0,1.0,1772.925,5.0,22.542,1
0.0,1.0,1.0,0.0,0.0,1.0,1797.864,5.0,18.934,1
0.0,1.0,0.0,1.0,1.0,0.0,1808.975,5.0,24.335,1
0.0,1.0,1.0,0.0,0.0,1.0,1771.198,5.0,17.86,1
1.0,0.0,1.0,0.0,1.0,0.0,1773.21,5.0,8.512999999999998,1
0.0,1.0,0.0,1.0,0.0,1.0,1807.225,5.0,25.485,1
0.0,1.0,1.0,0.0,0.0,1.0,1805.81,5.0,2.7310000000000016,1
1.0,0.0,1.0,0.0,0.0,1.0,1805.974,5.0,6.856999999999999,0
1.0,0.0,1.0,0.0,1.0,0.0,1775.567,5.0,6.600000000000001,1
0.0,1.0,0.0,1.0,1.0,0.0,1780.972,5.0,28.015,1
1.0,0.0,0.0,1.0,1.0,0.0,1773.117,5.0,30.0,0
0.0,1.0,1.0,0.0,1.0,0.0,1822.798,5.0,8.286000000000001,1
1.0,0.0,1.0,0.0,0.0,1.0,1844.312,5.0,0.5189999999999984,0
0.0,1.0,1.0,0.0,1.0,0.0,1826.341,5.0,18.489999999999995,0
1.0,0.0,1.0,0.0,1.0,0.0,1836.424,5.0,5.405999999999999,0
0.0,1.0,1.0,0.0,1.0,0.0,1838.519,5.0,6.311999999999998,0
0.0,1.0,1.0,0.0,1.0,0.0,1807.904,5.0,30.0,0
1.0,0.0,1.0,0.0,1.0,0.0,1810.472,5.0,16.444999999999993,1
0.0,1.0,1.0,0.0,0.0,1.0,1782.053,5.0,0.0670000000000001,1
1.0,0.0,1.0,0.0,0.0,1.0,1777.24,5.0,27.158,1
0.0,1.0,1.0,0.0,0.0,1.0,1833.618,5.0,0.2120000000000033,0
0.0,1.0,0.0,1.0,1.0,0.0,1796.263,5.0,29.491,1
0.0,1.0,1.0,0.0,0.0,1.0,1768.52,5.0,14.834999999999994,1
1.0,0.0,1.0,0.0,0.0,1.0,1817.725,5.0,21.113,1
1.0,0.0,1.0,0.0,0.0,1.0,1771.34,5.0,6.252000000000002,1
0.0,1.0,1.0,0.0,1.0,0.0,1809.043,5.0,14.211,1
0.0,1.0,1.0,0.0,0.0,1.0,1820.906,5.0,23.925,0
0.0,1.0,1.0,0.0,1.0,0.0,1770.505,5.0,15.396,1
0.0,1.0,1.0,0.0,1.0,0.0,1763.428,5.0,17.239000000000004,1
0.0,1.0,1.0,0.0,0.0,1.0,1776.731,5.0,16.441999999999993,1
0.0,1.0,1.0,0.0,0.0,1.0,1834.344,5.0,0.3160000000000025,1
1.0,0.0,1.0,0.0,0.0,1.0,1834.858,5.0,6.972000000000001,0
1.0,0.0,1.0,0.0,1.0,0.0,1784.496,5.0,7.506,1
0.0,1.0,1.0,0.0,1.0,0.0,1792.077,5.0,3.246000000000002,1
1.0,0.0,1.0,0.0,1.0,0.0,1794.62,5.0,15.804000000000002,1
1.0,0.0,1.0,0.0,1.0,0.0,1795.869,5.0,12.000999999999998,1
1.0,0.0,1.0,0.0,0.0,1.0,1798.114,5.0,14.013999999999996,1
1.0,0.0,1.0,0.0,0.0,1.0,1834.571,5.0,10.259999999999998,0
1.0,0.0,1.0,0.0,0.0,1.0,1772.643,5.0,13.997,1
0.0,1.0,1.0,0.0,0.0,1.0,1827.376,5.0,17.455,0
0.0,1.0,1.0,0.0,0.0,1.0,1843.488,5.0,1.3430000000000035,0
0.0,1.0,1.0,0.0,1.0,0.0,1766.01,5.0,30.0,0
0.0,1.0,1.0,0.0,1.0,0.0,1769.999,5.0,24.795,1
1.0,0.0,1.0,0.0,1.0,0.0,1779.439,5.0,5.203000000000003,1
1.0,0.0,1.0,0.0,0.0,1.0,1843.231,5.0,1.6000000000000014,0
1.0,0.0,1.0,0.0,1.0,0.0,1777.856,5.0,30.0,0
0.0,1.0,1.0,0.0,0.0,1.0,1764.706,5.0,23.421000000000006,1
0.0,1.0,1.0,0.0,0.0,1.0,1814.823,5.0,2.0080000000000027,0
1.0,0.0,1.0,0.0,0.0,1.0,1767.05,5.0,4.0589999999999975,1
0.0,1.0,1.0,0.0,1.0,0.0,1814.185,5.0,5.554000000000002,1
1.0,0.0,0.0,1.0,0.0,1.0,1767.003,5.0,17.759,1
1.0,0.0,0.0,1.0,1.0,0.0,1805.443,5.0,16.781999999999996,1
0.0,1.0,1.0,0.0,1.0,0.0,1765.47,5.0,15.153000000000006,1
1.0,0.0,1.0,0.0,1.0,0.0,1800.764,5.0,7.067999999999998,0
0.0,1.0,1.0,0.0,0.0,1.0,1785.112,5.0,8.82,1
0.0,1.0,0.0,1.0,0.0,1.0,1780.98,5.0,17.022999999999996,1
0.0,1.0,1.0,0.0,1.0,0.0,1788.151,5.0,4.554000000000002,1
1.0,0.0,1.0,0.0,1.0,0.0,1791.201,5.0,18.15300000000001,1
0.0,1.0,0.0,1.0,1.0,0.0,1808.047,5.0,2.3149999999999977,1
0.0,1.0,0.0,1.0,1.0,0.0,1774.171,5.0,16.182000000000002,1
0.0,1.0,0.0,1.0,1.0,0.0,1778.735,5.0,22.068,1
0.0,1.0,0.0,1.0,1.0,0.0,1763.737,5.0,19.339,1
1.0,0.0,1.0,0.0,1.0,0.0,1770.031,5.0,28.182,1
1.0,0.0,0.0,1.0,1.0,0.0,1779.192,5.0,7.881,1
0.0,1.0,0.0,1.0,0.0,1.0,1803.296,5.0,30.0,0
0.0,1.0,1.0,0.0,0.0,1.0,1763.524,5.0,28.322000000000003,1
1.0,0.0,0.0,1.0,1.0,0.0,1778.877,5.0,13.451999999999998,1
1.0,0.0,1.0,0.0,1.0,0.0,1791.622,5.0,30.0,0
1.0,0.0,1.0,0.0,0.0,1.0,1794.793,5.0,30.0,0
1.0,0.0,0.0,1.0,0.0,1.0,1784.715,5.0,22.063,1
0.0,1.0,1.0,0.0,1.0,0.0,1812.205,5.0,14.049000000000008,1
1.0,0.0,1.0,0.0,1.0,0.0,1820.271,5.0,10.561,0
0.0,1.0,1.0,0.0,1.0,0.0,1790.133,5.0,7.911000000000001,1
1.0,0.0,1.0,0.0,0.0,1.0,1815.633,5.0,29.198,0
1.0,0.0,1.0,0.0,1.0,0.0,1775.88,5.0,19.802000000000007,1
1.0,0.0,0.0,1.0,1.0,0.0,1779.211,5.0,6.942,1
1.0,0.0,1.0,0.0,1.0,0.0,1785.147,5.0,22.055000000000007,1
1.0,0.0,1.0,0.0,1.0,0.0,1793.087,5.0,23.593000000000004,1
0.0,1.0,1.0,0.0,0.0,1.0,1815.639,5.0,15.194000000000004,0
0.0,1.0,1.0,0.0,0.0,1.0,1817.916,5.0,1.9149999999999991,0
0.0,1.0,1.0,0.0,0.0,1.0,1839.611,5.0,1.2199999999999989,0
0.0,1.0,1.0,0.0,0.0,1.0,1773.224,5.0,9.104999999999997,1
1.0,0.0,1.0,0.0,1.0,0.0,1825.949,5.0,7.881,0
1.0,0.0,1.0,0.0,0.0,1.0,1841.081,5.0,3.7490000000000014,0
1.0,0.0,1.0,0.0,0.0,1.0,1842.73,5.0,2.100999999999999,0
1.0,0.0,0.0,1.0,0.0,1.0,1844.244,5.0,0.5870000000000033,0
1.0,0.0,0.0,1.0,1.0,0.0,1782.612,5.0,15.989999999999997,1
0.0,1.0,1.0,0.0,1.0,0.0,1785.875,5.0,27.486999999999995,1
1.0,0.0,1.0,0.0,0.0,1.0,1840.69,5.0,4.140999999999998,0
0.0,1.0,1.0,0.0,0.0,1.0,1832.077,5.0,12.753999999999998,0
0.0,1.0,0.0,1.0,0.0,1.0,1805.046,5.0,9.786,0
0.0,1.0,1.0,0.0,0.0,1.0,1828.11,5.0,16.319000000000003,0
1.0,0.0,1.0,0.0,0.0,1.0,1839.118,5.0,5.310000000000002,1
1.0,0.0,1.0,0.0,1.0,0.0,1834.412,5.0,10.418999999999995,0
0.0,1.0,1.0,0.0,1.0,0.0,1836.914,5.0,5.398000000000003,1
1.0,0.0,1.0,0.0,0.0,1.0,1767.181,5.0,22.92,1
0.0,1.0,0.0,1.0,1.0,0.0,1799.132,5.0,25.964,1
0.0,1.0,0.0,1.0,1.0,0.0,1780.561,5.0,2.271000000000001,0
1.0,0.0,0.0,1.0,0.0,1.0,1769.728,5.0,12.671999999999995,1
0.0,1.0,1.0,0.0,0.0,1.0,1812.706,5.0,29.03400000000001,1
1.0,0.0,1.0,0.0,1.0,0.0,1785.9,5.0,29.047,1
1.0,0.0,1.0,0.0,0.0,1.0,1778.899,5.0,27.046000000000006,1
1.0,0.0,1.0,0.0,1.0,0.0,1819.244,5.0,16.042,1
1.0,0.0,1.0,0.0,1.0,0.0,1776.036,5.0,13.479999999999997,1
0.0,1.0,1.0,0.0,1.0,0.0,1780.841,5.0,4.557000000000002,1
1.0,0.0,1.0,0.0,0.0,1.0,1842.089,5.0,2.838000000000001,0
0.0,1.0,0.0,1.0,0.0,1.0,1820.69,5.0,10.418999999999995,1
1.0,0.0,0.0,1.0,0.0,1.0,1824.813,5.0,20.018,0
0.0,1.0,1.0,0.0,0.0,1.0,1770.998,5.0,20.771,0
1.0,0.0,1.0,0.0,0.0,1.0,1763.997,5.0,27.771,1
0.0,1.0,1.0,0.0,0.0,1.0,1817.188,5.0,27.643,0
1.0,0.0,1.0,0.0,0.0,1.0,1816.118,5.0,25.165000000000006,1
1.0,0.0,1.0,0.0,1.0,0.0,1834.223,5.0,7.814999999999998,0
0.0,1.0,1.0,0.0,1.0,0.0,1809.667,5.0,17.364999999999995,1
1.0,0.0,1.0,0.0,0.0,1.0,1776.999,5.0,4.042000000000002,1
0.0,1.0,0.0,1.0,1.0,0.0,1767.064,5.0,30.0,0
0.0,1.0,0.0,1.0,0.0,1.0,1803.099,5.0,25.02500000000001,1
0.0,1.0,1.0,0.0,0.0,1.0,1806.136,5.0,22.742000000000004,1
1.0,0.0,1.0,0.0,0.0,1.0,1795.151,5.0,21.997,1
1.0,0.0,0.0,1.0,1.0,0.0,1776.14,5.0,14.566999999999991,1
0.0,1.0,0.0,1.0,1.0,0.0,1789.161,5.0,19.290000000000006,0
1.0,0.0,1.0,0.0,1.0,0.0,1796.019,5.0,8.231000000000002,1
0.0,1.0,1.0,0.0,1.0,0.0,1769.536,5.0,19.52,1
1.0,0.0,1.0,0.0,1.0,0.0,1812.553,5.0,7.555,1
1.0,0.0,1.0,0.0,1.0,0.0,1822.261,5.0,21.283,1
1.0,0.0,1.0,0.0,0.0,1.0,1767.001,5.0,20.951,1
1.0,0.0,0.0,1.0,0.0,1.0,1787.688,5.0,18.72,1
1.0,0.0,0.0,1.0,1.0,0.0,1768.156,5.0,18.739000000000004,1
0.0,1.0,1.0,0.0,0.0,1.0,1809.878,5.0,28.648,1
1.0,0.0,1.0,0.0,0.0,1.0,1813.432,5.0,19.974000000000004,1
0.0,1.0,1.0,0.0,1.0,0.0,1834.689,5.0,3.8370000000000033,0
0.0,1.0,1.0,0.0,1.0,0.0,1836.819,5.0,8.012,0
1.0,0.0,1.0,0.0,0.0,1.0,1805.087,5.0,12.299999999999995,1
1.0,0.0,1.0,0.0,1.0,0.0,1840.619,5.0,4.212000000000003,0
1.0,0.0,1.0,0.0,0.0,1.0,1820.438,5.0,24.393,0
0.0,1.0,1.0,0.0,1.0,0.0,1844.553,5.0,0.2779999999999987,0
0.0,1.0,1.0,0.0,1.0,0.0,1765.654,5.0,23.344,1
0.0,1.0,1.0,0.0,1.0,0.0,1798.62,5.0,12.805999999999996,1
0.0,1.0,1.0,0.0,1.0,0.0,1796.011,5.0,21.40000000000001,1
1.0,0.0,0.0,1.0,0.0,1.0,1771.307,5.0,1.918,1
1.0,0.0,1.0,0.0,0.0,1.0,1839.696,5.0,1.134999999999998,0
1.0,0.0,1.0,0.0,0.0,1.0,1816.706,5.0,1.4909999999999997,1
0.0,1.0,1.0,0.0,0.0,1.0,1809.352,5.0,19.687,0
1.0,0.0,0.0,1.0,0.0,1.0,1763.8,5.0,22.004999999999995,1
0.0,1.0,1.0,0.0,0.0,1.0,1810.234,5.0,13.54,1
0.0,1.0,1.0,0.0,0.0,1.0,1780.222,5.0,11.915999999999997,1
1.0,0.0,1.0,0.0,0.0,1.0,1781.333,5.0,17.840999999999994,1
0.0,1.0,1.0,0.0,0.0,1.0,1824.684,5.0,16.146,0
1.0,0.0,1.0,0.0,0.0,1.0,1830.237,5.0,10.594,0
1.0,0.0,1.0,0.0,0.0,1.0,1817.062,5.0,27.769000000000005,0
0.0,1.0,1.0,0.0,0.0,1.0,1795.231,5.0,30.0,0
1.0,0.0,1.0,0.0,0.0,1.0,1799.474,5.0,2.985999999999997,1
0.0,1.0,1.0,0.0,0.0,1.0,1777.369,5.0,10.479,1
0.0,1.0,1.0,0.0,0.0,1.0,1834.45,5.0,9.616999999999996,1
1.0,0.0,1.0,0.0,0.0,1.0,1839.053,5.0,5.777999999999999,0
1.0,0.0,1.0,0.0,0.0,1.0,1802.018,5.0,0.8149999999999977,0
0.0,1.0,0.0,1.0,0.0,1.0,1837.996,5.0,6.835000000000001,0
0.0,1.0,1.0,0.0,0.0,1.0,1822.667,5.0,16.400999999999996,1
1.0,0.0,1.0,0.0,0.0,1.0,1821.188,5.0,20.642,0
1.0,0.0,1.0,0.0,0.0,1.0,1784.476,5.0,10.35,0
0.0,1.0,1.0,0.0,0.0,1.0,1791.351,5.0,5.479999999999997,0
0.0,1.0,0.0,1.0,0.0,1.0,1797.793,5.0,2.0379999999999967,0
0.0,1.0,1.0,0.0,0.0,1.0,1796.167,5.0,4.6640000000000015,0
0.0,1.0,1.0,0.0,0.0,1.0,1799.518,5.0,20.313,0
1.0,0.0,1.0,0.0,0.0,1.0,1798.585,5.0,16.223,0
1.0,0.0,1.0,0.0,0.0,1.0,1821.996,5.0,22.835,0
0.0,1.0,1.0,0.0,0.0,1.0,1817.667,5.0,27.164,0
1.0,0.0,1.0,0.0,0.0,1.0,1824.917,5.0,19.914,0
0.0,1.0,1.0,0.0,0.0,1.0,1811.269,5.0,2.6129999999999995,0
1.0,0.0,1.0,0.0,0.0,1.0,1811.4,5.0,2.482,0
0.0,1.0,0.0,1.0,0.0,1.0,1810.762,5.0,30.0,0
1.0,0.0,1.0,0.0,0.0,1.0,1819.277,5.0,25.554,0
1.0,0.0,1.0,0.0,0.0,1.0,1816.589,5.0,2.219000000000001,0
0.0,1.0,1.0,0.0,0.0,1.0,1830.311,5.0,5.578000000000003,0
1.0,0.0,1.0,0.0,0.0,1.0,1827.233,5.0,8.655999999999999,0
1.0,0.0,0.0,1.0,0.0,1.0,1818.475,5.0,5.405999999999999,0
1.0,0.0,0.0,1.0,0.0,1.0,1819.477,5.0,1.3290000000000006,0
1.0,0.0,1.0,0.0,0.0,1.0,1832.999,5.0,11.832,0
0.0,1.0,0.0,1.0,0.0,1.0,1825.604,5.0,19.227000000000004,0
1.0,0.0,0.0,1.0,0.0,1.0,1825.684,5.0,19.14700000000001,0
0.0,1.0,1.0,0.0,0.0,1.0,1840.789,5.0,4.042000000000002,0
0.0,1.0,1.0,0.0,0.0,1.0,1837.862,5.0,6.969000000000001,0
0.0,1.0,1.0,0.0,0.0,1.0,1839.86,5.0,4.9709999999999965,0
0.0,1.0,1.0,0.0,0.0,1.0,1842.85,5.0,1.9810000000000016,0
0.0,1.0,1.0,0.0,0.0,1.0,1842.157,5.0,2.6739999999999995,0
1.0,0.0,0.0,1.0,0.0,1.0,1841.123,5.0,3.7079999999999984,0
1.0,0.0,0.0,1.0,0.0,1.0,1843.836,5.0,0.9949999999999974,0
0.0,1.0,0.0,1.0,0.0,1.0,1842.804,5.0,2.027000000000001,0
